{"type": "FeatureCollection", "metadata": {"source_name": "MOIS Korea Flood Trace Map (2002-2022)", "source_url": "https://portal.esrikr.com/arcgis/rest/services/Hosted/Flood_2002_2022/FeatureServer", "selection_method": "top 500 grid-deduplicated centroid references", "grid_deg": 0.05, "candidate_features_seen": 37746, "selected_features": 500}, "features": [{"type": "Feature", "geometry": {"type": "Point", "coordinates": [126.63217519616114, 34.987374785181785]}, "properties": {"objectid": 21385, "fldn_area": 2454810, "fldn_grade": 6, "fldn_yr": 2020, "stdg_ctpv_cd": 46, "fldn_dst_nm": "7.28~8.11 집중호우", "fldn_cs_dtl_nm": "집중호우로 인한 제방붕괴 하천 범람", "reference_score": 88.281362, "reference_source": "MOIS Flood Trace Map 2002-2022"}}, {"type": "Feature", "geometry": {"type": "Point", "coordinates": [127.30594510024832, 35.31301162763032]}, "properties": {"objectid": 20618, "fldn_area": 2130538, "fldn_grade": 6, "fldn_yr": 2020, "stdg_ctpv_cd": 45, "fldn_dst_nm": "집중호우", "fldn_cs_dtl_nm": "하천범람(제방붕괴) 및 내수침수", "reference_score": 87.431313, "reference_source": "MOIS Flood Trace Map 2002-2022"}}, {"type": "Feature", "geometry": {"type": "Point", "coordinates": [127.32505089753225, 35.29598502385614]}, "properties": {"objectid": 21478, "fldn_area": 1813859, "fldn_grade": 6, "fldn_yr": 2020, "stdg_ctpv_cd": 46, "fldn_dst_nm": "집중호우", "fldn_cs_dtl_nm": "집중호우로 인한 하천범람", "reference_score": 86.465806, "reference_source": "MOIS Flood Trace Map 2002-2022"}}, {"type": "Feature", "geometry": {"type": "Point", "coordinates": [127.31313172965466, 38.27544249135453]}, "properties": {"objectid": 16896, "fldn_area": 1699530, "fldn_grade": 6, "fldn_yr": 2020, "stdg_ctpv_cd": 42, "fldn_dst_nm": "8월 집중호우", "fldn_cs_dtl_nm": "집중호우로 인한 하천범람", "reference_score": 86.075177, "reference_source": "MOIS Flood Trace Map 2002-2022"}}, {"type": "Feature", "geometry": {"type": "Point", "coordinates": [128.44770416888164, 35.558119544312156]}, "properties": {"objectid": 10828, "fldn_area": 1408646, "fldn_grade": 6, "fldn_yr": 2012, "stdg_ctpv_cd": 48, "fldn_dst_nm": "외부작성", "fldn_cs_dtl_nm": "외부작성자료", "reference_score": 84.948841, "reference_source": "MOIS Flood Trace Map 2002-2022"}}, {"type": "Feature", "geometry": {"type": "Point", "coordinates": [128.3968310609713, 35.544020626574536]}, "properties": {"objectid": 10384, "fldn_area": 1408646, "fldn_grade": 6, "fldn_yr": 2012, "stdg_ctpv_cd": 48, "fldn_dst_nm": "외부작성", "fldn_cs_dtl_nm": "외부작성자료", "reference_score": 84.948841, "reference_source": "MOIS Flood Trace Map 2002-2022"}}, {"type": "Feature", "geometry": {"type": "Point", "coordinates": [128.36160776342302, 35.592489879723864]}, "properties": {"objectid": 10321, "fldn_area": 1408646, "fldn_grade": 6, "fldn_yr": 2012, "stdg_ctpv_cd": 48, "fldn_dst_nm": "외부작성", "fldn_cs_dtl_nm": "외부작성자료", "reference_score": 84.948841, "reference_source": "MOIS Flood Trace Map 2002-2022"}}, {"type": "Feature", "geometry": {"type": "Point", "coordinates": [127.51816093808826, 36.93522923726463]}, "properties": {"objectid": 3123, "fldn_area": 1372177, "fldn_grade": 6, "fldn_yr": 2006, "stdg_ctpv_cd": 43, "fldn_dst_nm": "집중 호우에 의한 침수", "fldn_cs_dtl_nm": "집중호우에 의한 하천범람으로 농경지침수", "reference_score": 84.791459, "reference_source": "MOIS Flood Trace Map 2002-2022"}}, {"type": "Feature", "geometry": {"type": "Point", "coordinates": [127.48535012900906, 35.209152652810175]}, "properties": {"objectid": 23034, "fldn_area": 1341233, "fldn_grade": 6, "fldn_yr": 2020, "stdg_ctpv_cd": 46, "fldn_dst_nm": "람섬진강범", "fldn_cs_dtl_nm": "집중호우에 의한 섬진강수위상승으로 인한 범람", "reference_score": 84.654604, "reference_source": "MOIS Flood Trace Map 2002-2022"}}, {"type": "Feature", "geometry": {"type": "Point", "coordinates": [127.87860292813158, 37.07295711728033]}, "properties": {"objectid": 3082, "fldn_area": 1311278, "fldn_grade": 6, "fldn_yr": 2006, "stdg_ctpv_cd": 43, "fldn_dst_nm": "집중 호우에 의한 침수", "fldn_cs_dtl_nm": "충주댐 방류로 남한강 수위상승에 의한 침수", "reference_score": 84.519081, "reference_source": "MOIS Flood Trace Map 2002-2022"}}, {"type": "Feature", "geometry": {"type": "Point", "coordinates": [127.87418503907254, 37.07493411349993]}, "properties": {"objectid": 3517, "fldn_area": 1311278, "fldn_grade": 6, "fldn_yr": 2006, "stdg_ctpv_cd": 43, "fldn_dst_nm": "집중 호우에 의한 침수", "fldn_cs_dtl_nm": "충주댐 방류로 남한강 수위상승에 의한 침수", "reference_score": 84.519081, "reference_source": "MOIS Flood Trace Map 2002-2022"}}, {"type": "Feature", "geometry": {"type": "Point", "coordinates": [127.87266937547172, 37.07644912880057]}, "properties": {"objectid": 3189, "fldn_area": 1311278, "fldn_grade": 6, "fldn_yr": 2006, "stdg_ctpv_cd": 43, "fldn_dst_nm": "집중 호우에 의한 침수", "fldn_cs_dtl_nm": "충주댐 방류로 남한강 수위상승에 의한 침수", "reference_score": 84.519081, "reference_source": "MOIS Flood Trace Map 2002-2022"}}, {"type": "Feature", "geometry": {"type": "Point", "coordinates": [127.87516525196764, 37.07657999166038]}, "properties": {"objectid": 3227, "fldn_area": 1311278, "fldn_grade": 6, "fldn_yr": 2006, "stdg_ctpv_cd": 43, "fldn_dst_nm": "집중 호우에 의한 침수", "fldn_cs_dtl_nm": "충주댐 방류로 남한강 수위상승에 의한 침수", "reference_score": 84.519081, "reference_source": "MOIS Flood Trace Map 2002-2022"}}, {"type": "Feature", "geometry": {"type": "Point", "coordinates": [128.22784699977908, 35.585419354416516]}, "properties": {"objectid": 23227, "fldn_area": 1286778, "fldn_grade": 6, "fldn_yr": 2020, "stdg_ctpv_cd": 48, "fldn_dst_nm": "2020.7.28 ~ 8.11 집중호우", "fldn_cs_dtl_nm": "하천개수공사 미비 및 배제불량에 따른 제방파쇄", "reference_score": 84.405917, "reference_source": "MOIS Flood Trace Map 2002-2022"}}, {"type": "Feature", "geometry": {"type": "Point", "coordinates": [128.21915290808272, 35.57945399110239]}, "properties": {"objectid": 23367, "fldn_area": 1286778, "fldn_grade": 6, "fldn_yr": 2020, "stdg_ctpv_cd": 48, "fldn_dst_nm": "2020.7.28 ~ 8.11 집중호우", "fldn_cs_dtl_nm": "하천개수공사 미비 및 배제불량에 따른 제방파쇄", "reference_score": 84.405917, "reference_source": "MOIS Flood Trace Map 2002-2022"}}, {"type": "Feature", "geometry": {"type": "Point", "coordinates": [127.6833839134731, 37.29577207685942]}, "properties": {"objectid": 1125, "fldn_area": 891310, "fldn_grade": 6, "fldn_yr": 2006, "stdg_ctpv_cd": 41, "fldn_dst_nm": "집중호우", "fldn_cs_dtl_nm": "농경지 침수 및 양계장 침수", "reference_score": 82.202692, "reference_source": "MOIS Flood Trace Map 2002-2022"}}, {"type": "Feature", "geometry": {"type": "Point", "coordinates": [127.67467701815038, 37.30237805745362]}, "properties": {"objectid": 1127, "fldn_area": 891310, "fldn_grade": 6, "fldn_yr": 2006, "stdg_ctpv_cd": 41, "fldn_dst_nm": "집중호우", "fldn_cs_dtl_nm": "농경지 침수 및 양계장 침수", "reference_score": 82.202692, "reference_source": "MOIS Flood Trace Map 2002-2022"}}, {"type": "Feature", "geometry": {"type": "Point", "coordinates": [127.8990433294332, 34.882985118880754]}, "properties": {"objectid": 9573, "fldn_area": 831607, "fldn_grade": 6, "fldn_yr": 2012, "stdg_ctpv_cd": 48, "fldn_dst_nm": "2012년 국지성집중호우", "fldn_cs_dtl_nm": "집중호우에 의한 하천범람", "reference_score": 81.786699, "reference_source": "MOIS Flood Trace Map 2002-2022"}}, {"type": "Feature", "geometry": {"type": "Point", "coordinates": [127.89774461910164, 34.8733628958]}, "properties": {"objectid": 9832, "fldn_area": 831607, "fldn_grade": 6, "fldn_yr": 2012, "stdg_ctpv_cd": 48, "fldn_dst_nm": "2012년 국지성집중호우", "fldn_cs_dtl_nm": "집중호우에 의한 하천범람", "reference_score": 81.786699, "reference_source": "MOIS Flood Trace Map 2002-2022"}}, {"type": "Feature", "geometry": {"type": "Point", "coordinates": [127.47280706767867, 35.210746842941155]}, "properties": {"objectid": 23060, "fldn_area": 807190, "fldn_grade": 6, "fldn_yr": 2020, "stdg_ctpv_cd": 46, "fldn_dst_nm": "섬진강범람", "fldn_cs_dtl_nm": "집중호우에 의한 섬진강수위상승으로 인한 범람", "reference_score": 81.607894, "reference_source": "MOIS Flood Trace Map 2002-2022"}}, {"type": "Feature", "geometry": {"type": "Point", "coordinates": [127.69867088038487, 35.14092507260972]}, "properties": {"objectid": 24182, "fldn_area": 646397, "fldn_grade": 6, "fldn_yr": 2020, "stdg_ctpv_cd": 48, "fldn_dst_nm": "8.7~8.8 호우", "fldn_cs_dtl_nm": "집중호우로 인한 침수", "reference_score": 80.275024, "reference_source": "MOIS Flood Trace Map 2002-2022"}}, {"type": "Feature", "geometry": {"type": "Point", "coordinates": [127.4890125595053, 36.84598059363125]}, "properties": {"objectid": 3111, "fldn_area": 639711, "fldn_grade": 6, "fldn_yr": 2006, "stdg_ctpv_cd": 43, "fldn_dst_nm": "집중 호우에 의한 침수", "fldn_cs_dtl_nm": "집중호우에 의한 하천범람으로 농경지침수", "reference_score": 80.21264, "reference_source": "MOIS Flood Trace Map 2002-2022"}}, {"type": "Feature", "geometry": {"type": "Point", "coordinates": [127.5450155196736, 35.185256753235464]}, "properties": {"objectid": 23601, "fldn_area": 617320, "fldn_grade": 6, "fldn_yr": 2020, "stdg_ctpv_cd": 46, "fldn_dst_nm": "섬진강범람", "fldn_cs_dtl_nm": "집중호우에 의한 섬진강수위상승으로 인한 범람", "reference_score": 79.998867, "reference_source": "MOIS Flood Trace Map 2002-2022"}}, {"type": "Feature", "geometry": {"type": "Point", "coordinates": [127.72947959136977, 37.20973405049491]}, "properties": {"objectid": 1481, "fldn_area": 616734, "fldn_grade": 6, "fldn_yr": 2006, "stdg_ctpv_cd": 41, "fldn_dst_nm": "집중호우", "fldn_cs_dtl_nm": "농경지 침수 및 하우스 침수", "reference_score": 79.993168, "reference_source": "MOIS Flood Trace Map 2002-2022"}}, {"type": "Feature", "geometry": {"type": "Point", "coordinates": [127.81105058697061, 37.28721829954989]}, "properties": {"objectid": 5431, "fldn_area": 607622, "fldn_grade": 6, "fldn_yr": 2009, "stdg_ctpv_cd": 42, "fldn_dst_nm": "7월 집중호우", "fldn_cs_dtl_nm": "우수에 의한 내수침수", "reference_score": 79.903859, "reference_source": "MOIS Flood Trace Map 2002-2022"}}, {"type": "Feature", "geometry": {"type": "Point", "coordinates": [126.76015539142635, 35.19793953411896]}, "properties": {"objectid": 19108, "fldn_area": 592009, "fldn_grade": 6, "fldn_yr": 2020, "stdg_ctpv_cd": 29, "fldn_dst_nm": "2020년 집중호우", "fldn_cs_dtl_nm": "집중호우", "reference_score": 79.747673, "reference_source": "MOIS Flood Trace Map 2002-2022"}}, {"type": "Feature", "geometry": {"type": "Point", "coordinates": [126.90682669607453, 35.26171165576482]}, "properties": {"objectid": 21172, "fldn_area": 566909, "fldn_grade": 6, "fldn_yr": 2020, "stdg_ctpv_cd": 46, "fldn_dst_nm": "집중호우", "fldn_cs_dtl_nm": "집중호우로 인한 영산강범람", "reference_score": 79.487735, "reference_source": "MOIS Flood Trace Map 2002-2022"}}, {"type": "Feature", "geometry": {"type": "Point", "coordinates": [126.82368797613447, 35.128310135745195]}, "properties": {"objectid": 18966, "fldn_area": 509214, "fldn_grade": 6, "fldn_yr": 2020, "stdg_ctpv_cd": 29, "fldn_dst_nm": "2020년 집중호우", "fldn_cs_dtl_nm": "집중호우로 농경지 침수", "reference_score": 78.843754, "reference_source": "MOIS Flood Trace Map 2002-2022"}}, {"type": "Feature", "geometry": {"type": "Point", "coordinates": [128.57690302806097, 37.65239692128113]}, "properties": {"objectid": 3893, "fldn_area": 499949, "fldn_grade": 6, "fldn_yr": 2006, "stdg_ctpv_cd": 42, "fldn_dst_nm": "집중 호우에 의한 침수", "fldn_cs_dtl_nm": "하천 범람 및 우수유입에 의한 농경지 침수", "reference_score": 78.73358, "reference_source": "MOIS Flood Trace Map 2002-2022"}}, {"type": "Feature", "geometry": {"type": "Point", "coordinates": [128.2917159536529, 35.576524175093475]}, "properties": {"objectid": 23267, "fldn_area": 443042, "fldn_grade": 6, "fldn_yr": 2020, "stdg_ctpv_cd": 48, "fldn_dst_nm": "2020.7.28 ~ 8.11 집중호우", "fldn_cs_dtl_nm": "우수배제불량", "reference_score": 78.008533, "reference_source": "MOIS Flood Trace Map 2002-2022"}}, {"type": "Feature", "geometry": {"type": "Point", "coordinates": [127.45927988941101, 36.90280736524457]}, "properties": {"objectid": 3465, "fldn_area": 409302, "fldn_grade": 6, "fldn_yr": 2006, "stdg_ctpv_cd": 43, "fldn_dst_nm": "집중 호우에 의한 침수", "fldn_cs_dtl_nm": "집중호우에 의한 하천범람으로 농경지침수", "reference_score": 77.533266, "reference_source": "MOIS Flood Trace Map 2002-2022"}}, {"type": "Feature", "geometry": {"type": "Point", "coordinates": [128.25229476514838, 35.62524018821022]}, "properties": {"objectid": 23817, "fldn_area": 408339, "fldn_grade": 6, "fldn_yr": 2020, "stdg_ctpv_cd": 48, "fldn_dst_nm": "2020.7.28 ~ 8.11 집중호우", "fldn_cs_dtl_nm": "황강수위상승으로 인한 상신천, 사양천 배제불량, 배제불량에 따른 제방파쇄", "reference_score": 77.519133, "reference_source": "MOIS Flood Trace Map 2002-2022"}}, {"type": "Feature", "geometry": {"type": "Point", "coordinates": [127.70889943568153, 35.08689211711398]}, "properties": {"objectid": 21152, "fldn_area": 386128, "fldn_grade": 6, "fldn_yr": 2020, "stdg_ctpv_cd": 46, "fldn_dst_nm": "집중호우", "fldn_cs_dtl_nm": "집중호우에 의한 섬진강범람", "reference_score": 77.183561, "reference_source": "MOIS Flood Trace Map 2002-2022"}}, {"type": "Feature", "geometry": {"type": "Point", "coordinates": [127.68689338290753, 37.26575450697436]}, "properties": {"objectid": 1131, "fldn_area": 365524, "fldn_grade": 6, "fldn_yr": 2006, "stdg_ctpv_cd": 41, "fldn_dst_nm": "집중호우", "fldn_cs_dtl_nm": "농경지 침수", "reference_score": 76.85454, "reference_source": "MOIS Flood Trace Map 2002-2022"}}, {"type": "Feature", "geometry": {"type": "Point", "coordinates": [128.45198910370448, 37.1863438525118]}, "properties": {"objectid": 2191, "fldn_area": 361399, "fldn_grade": 6, "fldn_yr": 2006, "stdg_ctpv_cd": 42, "fldn_dst_nm": "집중호우로 인한 침수", "fldn_cs_dtl_nm": "우수 및 하천 범람으로 농경지침수", "reference_score": 76.786444, "reference_source": "MOIS Flood Trace Map 2002-2022"}}, {"type": "Feature", "geometry": {"type": "Point", "coordinates": [127.73431061595025, 37.22625733034669]}, "properties": {"objectid": 1487, "fldn_area": 352679, "fldn_grade": 6, "fldn_yr": 2006, "stdg_ctpv_cd": 41, "fldn_dst_nm": "집중호우", "fldn_cs_dtl_nm": "농경지 침수", "reference_score": 76.639898, "reference_source": "MOIS Flood Trace Map 2002-2022"}}, {"type": "Feature", "geometry": {"type": "Point", "coordinates": [128.43257137484164, 37.45365160894803]}, "properties": {"objectid": 4001, "fldn_area": 321004, "fldn_grade": 6, "fldn_yr": 2006, "stdg_ctpv_cd": 42, "fldn_dst_nm": "집중 호우에 의한 침수", "fldn_cs_dtl_nm": "하천 범람으로 농경지 침수", "reference_score": 76.075272, "reference_source": "MOIS Flood Trace Map 2002-2022"}}, {"type": "Feature", "geometry": {"type": "Point", "coordinates": [127.83595234643404, 36.830004478012015]}, "properties": {"objectid": 10429, "fldn_area": 317625, "fldn_grade": 6, "fldn_yr": 2017, "stdg_ctpv_cd": 43, "fldn_dst_nm": "2017년 7월16일 집중호우", "fldn_cs_dtl_nm": "집중호우로  인한 역류 및 내수 배제 불량", "reference_score": 76.011779, "reference_source": "MOIS Flood Trace Map 2002-2022"}}, {"type": "Feature", "geometry": {"type": "Point", "coordinates": [127.86641082464565, 34.90158923220664]}, "properties": {"objectid": 9745, "fldn_area": 312860, "fldn_grade": 6, "fldn_yr": 2012, "stdg_ctpv_cd": 48, "fldn_dst_nm": "2013년 태풍산바", "fldn_cs_dtl_nm": "집중호우에 의한 하천범람", "reference_score": 75.921086, "reference_source": "MOIS Flood Trace Map 2002-2022"}}, {"type": "Feature", "geometry": {"type": "Point", "coordinates": [128.17245322000852, 36.12605933537581]}, "properties": {"objectid": 8843, "fldn_area": 311856, "fldn_grade": 6, "fldn_yr": 2012, "stdg_ctpv_cd": 47, "fldn_dst_nm": "16호태풍산바로인한침수", "fldn_cs_dtl_nm": "제방붕괴로인한저지대침수", "reference_score": 75.9018, "reference_source": "MOIS Flood Trace Map 2002-2022"}}, {"type": "Feature", "geometry": {"type": "Point", "coordinates": [127.91986057629772, 36.898162149920104]}, "properties": {"objectid": 3579, "fldn_area": 308266, "fldn_grade": 6, "fldn_yr": 2006, "stdg_ctpv_cd": 43, "fldn_dst_nm": "집중 호우에 의한 침수", "fldn_cs_dtl_nm": "집중호우(괴산 칠성댐 방류) 및 내수에 의한 침수", "reference_score": 75.832329, "reference_source": "MOIS Flood Trace Map 2002-2022"}}, {"type": "Feature", "geometry": {"type": "Point", "coordinates": [127.7525395096572, 37.16780712475862]}, "properties": {"objectid": 3596, "fldn_area": 306546, "fldn_grade": 6, "fldn_yr": 2006, "stdg_ctpv_cd": 43, "fldn_dst_nm": "집중 호우에 의한 침수", "fldn_cs_dtl_nm": "충주댐 방류로 남한강 수위상승에 의한 침수", "reference_score": 75.798758, "reference_source": "MOIS Flood Trace Map 2002-2022"}}, {"type": "Feature", "geometry": {"type": "Point", "coordinates": [128.50654999576224, 37.080684070420986]}, "properties": {"objectid": 2999, "fldn_area": 294714, "fldn_grade": 6, "fldn_yr": 2006, "stdg_ctpv_cd": 43, "fldn_dst_nm": "집중호우에 의한 침수", "fldn_cs_dtl_nm": "향산소하천 역류로 인한 주거및 농경지 침수", "reference_score": 75.562584, "reference_source": "MOIS Flood Trace Map 2002-2022"}}, {"type": "Feature", "geometry": {"type": "Point", "coordinates": [127.52453224649025, 37.42698214785102]}, "properties": {"objectid": 1331, "fldn_area": 294486, "fldn_grade": 6, "fldn_yr": 2006, "stdg_ctpv_cd": 41, "fldn_dst_nm": "집중호우", "fldn_cs_dtl_nm": "농경지 침수 하우스 침수", "reference_score": 75.557941, "reference_source": "MOIS Flood Trace Map 2002-2022"}}, {"type": "Feature", "geometry": {"type": "Point", "coordinates": [127.5256309042587, 37.42605266910716]}, "properties": {"objectid": 1308, "fldn_area": 294486, "fldn_grade": 6, "fldn_yr": 2006, "stdg_ctpv_cd": 41, "fldn_dst_nm": "집중호우", "fldn_cs_dtl_nm": "농경지 침수 하우스 침수", "reference_score": 75.557941, "reference_source": "MOIS Flood Trace Map 2002-2022"}}, {"type": "Feature", "geometry": {"type": "Point", "coordinates": [127.52930954579539, 37.41514146655008]}, "properties": {"objectid": 1116, "fldn_area": 294486, "fldn_grade": 6, "fldn_yr": 2006, "stdg_ctpv_cd": 41, "fldn_dst_nm": "집중호우", "fldn_cs_dtl_nm": "농경지 침수 하우스 침수", "reference_score": 75.557941, "reference_source": "MOIS Flood Trace Map 2002-2022"}}, {"type": "Feature", "geometry": {"type": "Point", "coordinates": [127.02407416457092, 35.29329694385901]}, "properties": {"objectid": 21507, "fldn_area": 290712, "fldn_grade": 6, "fldn_yr": 2020, "stdg_ctpv_cd": 46, "fldn_dst_nm": "짐중호우", "fldn_cs_dtl_nm": "집중호우로 인한 영산강 범람", "reference_score": 75.480551, "reference_source": "MOIS Flood Trace Map 2002-2022"}}, {"type": "Feature", "geometry": {"type": "Point", "coordinates": [127.02520697835696, 35.29298048115426]}, "properties": {"objectid": 21460, "fldn_area": 290712, "fldn_grade": 6, "fldn_yr": 2020, "stdg_ctpv_cd": 46, "fldn_dst_nm": "짐중호우", "fldn_cs_dtl_nm": "집중호우로 인한 영산강 범람", "reference_score": 75.480551, "reference_source": "MOIS Flood Trace Map 2002-2022"}}, {"type": "Feature", "geometry": {"type": "Point", "coordinates": [126.82668835841467, 37.938039085755506]}, "properties": {"objectid": 19879, "fldn_area": 280554, "fldn_grade": 6, "fldn_yr": 2020, "stdg_ctpv_cd": 41, "fldn_dst_nm": "2020.7.28~8.11침수피해", "fldn_cs_dtl_nm": null, "reference_score": 75.26715, "reference_source": "MOIS Flood Trace Map 2002-2022"}}, {"type": "Feature", "geometry": {"type": "Point", "coordinates": [126.82082474108915, 37.93728380307128]}, "properties": {"objectid": 18145, "fldn_area": 280554, "fldn_grade": 6, "fldn_yr": 2020, "stdg_ctpv_cd": 41, "fldn_dst_nm": "2020.7.28~8.11침수피해", "fldn_cs_dtl_nm": null, "reference_score": 75.26715, "reference_source": "MOIS Flood Trace Map 2002-2022"}}, {"type": "Feature", "geometry": {"type": "Point", "coordinates": [127.54579203570113, 37.26095717453273]}, "properties": {"objectid": 11193, "fldn_area": 275744, "fldn_grade": 6, "fldn_yr": 2013, "stdg_ctpv_cd": 41, "fldn_dst_nm": "7.22~23집중호우", "fldn_cs_dtl_nm": "하천범람 및 내수침수", "reference_score": 75.163391, "reference_source": "MOIS Flood Trace Map 2002-2022"}}, {"type": "Feature", "geometry": {"type": "Point", "coordinates": [127.72359063787852, 37.210971486720204]}, "properties": {"objectid": 1573, "fldn_area": 275618, "fldn_grade": 6, "fldn_yr": 2006, "stdg_ctpv_cd": 41, "fldn_dst_nm": "집중호우", "fldn_cs_dtl_nm": "농경지 침수 및 가옥 침수", "reference_score": 75.160649, "reference_source": "MOIS Flood Trace Map 2002-2022"}}, {"type": "Feature", "geometry": {"type": "Point", "coordinates": [128.3392663236946, 37.2268859908182]}, "properties": {"objectid": 2057, "fldn_area": 275457, "fldn_grade": 6, "fldn_yr": 2006, "stdg_ctpv_cd": 42, "fldn_dst_nm": "집중호우로 인한 침수", "fldn_cs_dtl_nm": "우수및 하천 범람으로 농경지침수", "reference_score": 75.157143, "reference_source": "MOIS Flood Trace Map 2002-2022"}}, {"type": "Feature", "geometry": {"type": "Point", "coordinates": [128.33313790340742, 37.224049730599674]}, "properties": {"objectid": 2089, "fldn_area": 275457, "fldn_grade": 6, "fldn_yr": 2006, "stdg_ctpv_cd": 42, "fldn_dst_nm": "집중호우로 인한 침수", "fldn_cs_dtl_nm": "우수및 하천 범람으로 농경지침수", "reference_score": 75.157143, "reference_source": "MOIS Flood Trace Map 2002-2022"}}, {"type": "Feature", "geometry": {"type": "Point", "coordinates": [126.97572010674087, 36.94818048686979]}, "properties": {"objectid": 492, "fldn_area": 275371, "fldn_grade": 6, "fldn_yr": 2006, "stdg_ctpv_cd": 41, "fldn_dst_nm": "2006. 07. 25 집중호우 및 제3호 태풍 “", "fldn_cs_dtl_nm": "우수유입, 내수침수 및 평택호 만수위로 인한 역류", "reference_score": 75.155269, "reference_source": "MOIS Flood Trace Map 2002-2022"}}, {"type": "Feature", "geometry": {"type": "Point", "coordinates": [127.33968577797872, 37.17391320912316]}, "properties": {"objectid": 18326, "fldn_area": 273679, "fldn_grade": 6, "fldn_yr": 2020, "stdg_ctpv_cd": 41, "fldn_dst_nm": "7.28~8.11호우", "fldn_cs_dtl_nm": "내수침수", "reference_score": 75.118289, "reference_source": "MOIS Flood Trace Map 2002-2022"}}, {"type": "Feature", "geometry": {"type": "Point", "coordinates": [128.495480317382, 37.0636331436442]}, "properties": {"objectid": 3002, "fldn_area": 272172, "fldn_grade": 6, "fldn_yr": 2006, "stdg_ctpv_cd": 43, "fldn_dst_nm": "집중호우에 의한 침수", "fldn_cs_dtl_nm": "향산소하천 역류로 인한 주거및 농경지 침수", "reference_score": 75.085159, "reference_source": "MOIS Flood Trace Map 2002-2022"}}, {"type": "Feature", "geometry": {"type": "Point", "coordinates": [128.5444030310281, 37.1171336306865]}, "properties": {"objectid": 2167, "fldn_area": 268605, "fldn_grade": 6, "fldn_yr": 2006, "stdg_ctpv_cd": 42, "fldn_dst_nm": "집중호우로 인한 침수", "fldn_cs_dtl_nm": "우수 및 하천 범람으로 농경지침수", "reference_score": 75.006005, "reference_source": "MOIS Flood Trace Map 2002-2022"}}, {"type": "Feature", "geometry": {"type": "Point", "coordinates": [128.36641508981975, 37.34440342417246]}, "properties": {"objectid": 3758, "fldn_area": 261030, "fldn_grade": 6, "fldn_yr": 2006, "stdg_ctpv_cd": 42, "fldn_dst_nm": "집중 호우에 의한 침수", "fldn_cs_dtl_nm": "하천 범람으로 농경지 침수", "reference_score": 74.834367, "reference_source": "MOIS Flood Trace Map 2002-2022"}}, {"type": "Feature", "geometry": {"type": "Point", "coordinates": [127.87072224148218, 37.40087735186074]}, "properties": {"objectid": 1765, "fldn_area": 258534, "fldn_grade": 6, "fldn_yr": 2006, "stdg_ctpv_cd": 42, "fldn_dst_nm": "집중호우로 인한 침수", "fldn_cs_dtl_nm": "우수에의한 농경지 침수", "reference_score": 74.776718, "reference_source": "MOIS Flood Trace Map 2002-2022"}}, {"type": "Feature", "geometry": {"type": "Point", "coordinates": [126.9894361136634, 37.04411841255734]}, "properties": {"objectid": 449, "fldn_area": 2935167, "fldn_grade": 5, "fldn_yr": 2006, "stdg_ctpv_cd": 41, "fldn_dst_nm": "2006. 07. 25 집중호우 및 제3호 태풍 “", "fldn_cs_dtl_nm": "우수유입, 내수침수 및 황구지천 제방범람,  배수시설 미비", "reference_score": 74.461376, "reference_source": "MOIS Flood Trace Map 2002-2022"}}, {"type": "Feature", "geometry": {"type": "Point", "coordinates": [126.78280739826076, 35.09183721122333]}, "properties": {"objectid": 18736, "fldn_area": 241247, "fldn_grade": 6, "fldn_yr": 2020, "stdg_ctpv_cd": 29, "fldn_dst_nm": "2020년 집중호우", "fldn_cs_dtl_nm": "집중호우", "reference_score": 74.361484, "reference_source": "MOIS Flood Trace Map 2002-2022"}}, {"type": "Feature", "geometry": {"type": "Point", "coordinates": [127.77926567945964, 37.148762382955546]}, "properties": {"objectid": 4217, "fldn_area": 240574, "fldn_grade": 6, "fldn_yr": 2006, "stdg_ctpv_cd": 43, "fldn_dst_nm": "집중 호우에 의한 침수", "fldn_cs_dtl_nm": "충주댐 방류로 남한강 수위상승에 의한 침수", "reference_score": 74.344723, "reference_source": "MOIS Flood Trace Map 2002-2022"}}, {"type": "Feature", "geometry": {"type": "Point", "coordinates": [128.31971633815814, 37.23503135042552]}, "properties": {"objectid": 2443, "fldn_area": 236713, "fldn_grade": 6, "fldn_yr": 2006, "stdg_ctpv_cd": 42, "fldn_dst_nm": "집중호우로 인한 침수", "fldn_cs_dtl_nm": "우수및 하천 범람으로 농경지침수", "reference_score": 74.247648, "reference_source": "MOIS Flood Trace Map 2002-2022"}}, {"type": "Feature", "geometry": {"type": "Point", "coordinates": [126.79861683897693, 37.899634028518136]}, "properties": {"objectid": 19595, "fldn_area": 233894, "fldn_grade": 6, "fldn_yr": 2020, "stdg_ctpv_cd": 41, "fldn_dst_nm": "2020.7.28~8.11침수피해", "fldn_cs_dtl_nm": null, "reference_score": 74.175765, "reference_source": "MOIS Flood Trace Map 2002-2022"}}, {"type": "Feature", "geometry": {"type": "Point", "coordinates": [126.9571724837183, 35.28063926531312]}, "properties": {"objectid": 21587, "fldn_area": 229775, "fldn_grade": 6, "fldn_yr": 2020, "stdg_ctpv_cd": 46, "fldn_dst_nm": "8/7~8/9 집중호우 침수피해", "fldn_cs_dtl_nm": "집중호우로 인한 영산강 범람", "reference_score": 74.069161, "reference_source": "MOIS Flood Trace Map 2002-2022"}}, {"type": "Feature", "geometry": {"type": "Point", "coordinates": [127.28720056118051, 37.42198735420047]}, "properties": {"objectid": 8224, "fldn_area": 229072, "fldn_grade": 6, "fldn_yr": 2011, "stdg_ctpv_cd": 41, "fldn_dst_nm": "2011년국지성집중호우", "fldn_cs_dtl_nm": "집중호우", "reference_score": 74.050776, "reference_source": "MOIS Flood Trace Map 2002-2022"}}, {"type": "Feature", "geometry": {"type": "Point", "coordinates": [127.9010934379606, 34.76318261415942]}, "properties": {"objectid": 9767, "fldn_area": 224333, "fldn_grade": 6, "fldn_yr": 2012, "stdg_ctpv_cd": 48, "fldn_dst_nm": "2012년 국지성 집중호우", "fldn_cs_dtl_nm": "집중호우에 의한 하천 범람", "reference_score": 73.925348, "reference_source": "MOIS Flood Trace Map 2002-2022"}}, {"type": "Feature", "geometry": {"type": "Point", "coordinates": [129.232752549899, 35.95058788211082]}, "properties": {"objectid": 9626, "fldn_area": 213198, "fldn_grade": 6, "fldn_yr": 2012, "stdg_ctpv_cd": 47, "fldn_dst_nm": "제16호태풍(산바)", "fldn_cs_dtl_nm": "배수불량으로인한 침수", "reference_score": 73.619888, "reference_source": "MOIS Flood Trace Map 2002-2022"}}, {"type": "Feature", "geometry": {"type": "Point", "coordinates": [126.62255189460527, 34.9833902082298]}, "properties": {"objectid": 21391, "fldn_area": 2454810, "fldn_grade": 5, "fldn_yr": 2020, "stdg_ctpv_cd": 46, "fldn_dst_nm": "7.28~8.11 집중호우", "fldn_cs_dtl_nm": "집중호우로 인한 제방붕괴 하천 범람", "reference_score": 73.567802, "reference_source": "MOIS Flood Trace Map 2002-2022"}}, {"type": "Feature", "geometry": {"type": "Point", "coordinates": [126.65291051188856, 37.68825600039563]}, "properties": {"objectid": 1752, "fldn_area": 2439313, "fldn_grade": 5, "fldn_yr": 2006, "stdg_ctpv_cd": 41, "fldn_dst_nm": "수해(집중호우에 의한 농경지 침수)", "fldn_cs_dtl_nm": "지방2급하천인 봉성포천 수참천 서암천 석모천이 합류되는 구간으로 집중", "reference_score": 73.536137, "reference_source": "MOIS Flood Trace Map 2002-2022"}}, {"type": "Feature", "geometry": {"type": "Point", "coordinates": [127.88768716739546, 37.40309808789857]}, "properties": {"objectid": 1071, "fldn_area": 207243, "fldn_grade": 6, "fldn_yr": 2006, "stdg_ctpv_cd": 42, "fldn_dst_nm": "집중호우로 인한 침수", "fldn_cs_dtl_nm": "우수에의한 농경지침수", "reference_score": 73.449913, "reference_source": "MOIS Flood Trace Map 2002-2022"}}, {"type": "Feature", "geometry": {"type": "Point", "coordinates": [128.40976983366656, 37.18766542171662]}, "properties": {"objectid": 2373, "fldn_area": 207100, "fldn_grade": 6, "fldn_yr": 2006, "stdg_ctpv_cd": 42, "fldn_dst_nm": "집중호우로 인한 침수", "fldn_cs_dtl_nm": "우수및 하천 범람으로 농경지침수", "reference_score": 73.445771, "reference_source": "MOIS Flood Trace Map 2002-2022"}}, {"type": "Feature", "geometry": {"type": "Point", "coordinates": [126.73967193036086, 37.91431547725034]}, "properties": {"objectid": 18349, "fldn_area": 195813, "fldn_grade": 6, "fldn_yr": 2020, "stdg_ctpv_cd": 41, "fldn_dst_nm": "2020.7.28~8.11침수피해", "fldn_cs_dtl_nm": null, "reference_score": 73.109523, "reference_source": "MOIS Flood Trace Map 2002-2022"}}, {"type": "Feature", "geometry": {"type": "Point", "coordinates": [127.84683848920645, 35.48141658077476]}, "properties": {"objectid": 9951, "fldn_area": 192671, "fldn_grade": 6, "fldn_yr": 2012, "stdg_ctpv_cd": 48, "fldn_dst_nm": "태풍'산바'", "fldn_cs_dtl_nm": "집중호우로 인한 하천범람", "reference_score": 73.012467, "reference_source": "MOIS Flood Trace Map 2002-2022"}}, {"type": "Feature", "geometry": {"type": "Point", "coordinates": [129.29567819830544, 35.46147022586884]}, "properties": {"objectid": 12278, "fldn_area": 186903, "fldn_grade": 6, "fldn_yr": 2016, "stdg_ctpv_cd": 31, "fldn_dst_nm": "태풍'차바'", "fldn_cs_dtl_nm": "집중호우", "reference_score": 72.830102, "reference_source": "MOIS Flood Trace Map 2002-2022"}}, {"type": "Feature", "geometry": {"type": "Point", "coordinates": [128.52332792606114, 37.27217959055777]}, "properties": {"objectid": 2512, "fldn_area": 184208, "fldn_grade": 6, "fldn_yr": 2006, "stdg_ctpv_cd": 42, "fldn_dst_nm": "집중호우로 인한 침수", "fldn_cs_dtl_nm": "우수 및 하천 범람으로 농경지침수", "reference_score": 72.742958, "reference_source": "MOIS Flood Trace Map 2002-2022"}}, {"type": "Feature", "geometry": {"type": "Point", "coordinates": [128.52922754211596, 37.27687781187306]}, "properties": {"objectid": 2470, "fldn_area": 184208, "fldn_grade": 6, "fldn_yr": 2006, "stdg_ctpv_cd": 42, "fldn_dst_nm": "집중호우로 인한 침수", "fldn_cs_dtl_nm": "우수 및 하천 범람으로 농경지침수", "reference_score": 72.742958, "reference_source": "MOIS Flood Trace Map 2002-2022"}}, {"type": "Feature", "geometry": {"type": "Point", "coordinates": [128.5271774969615, 37.268963734265725]}, "properties": {"objectid": 2491, "fldn_area": 184208, "fldn_grade": 6, "fldn_yr": 2006, "stdg_ctpv_cd": 42, "fldn_dst_nm": "집중호우로 인한 침수", "fldn_cs_dtl_nm": "우수 및 하천 범람으로 농경지침수", "reference_score": 72.742958, "reference_source": "MOIS Flood Trace Map 2002-2022"}}, {"type": "Feature", "geometry": {"type": "Point", "coordinates": [128.3458848389717, 37.30102533799551]}, "properties": {"objectid": 3798, "fldn_area": 177087, "fldn_grade": 6, "fldn_yr": 2006, "stdg_ctpv_cd": 42, "fldn_dst_nm": "집중호우로 인한 침수", "fldn_cs_dtl_nm": "우수및 하천 범람으로 농경지침수", "reference_score": 72.506412, "reference_source": "MOIS Flood Trace Map 2002-2022"}}, {"type": "Feature", "geometry": {"type": "Point", "coordinates": [127.7571351699336, 36.65839095387731]}, "properties": {"objectid": 16677, "fldn_area": 176740, "fldn_grade": 6, "fldn_yr": 2017, "stdg_ctpv_cd": 43, "fldn_dst_nm": "2017년 7월 16일 집중호우", "fldn_cs_dtl_nm": "집중호우로 인한 역류", "reference_score": 72.494644, "reference_source": "MOIS Flood Trace Map 2002-2022"}}, {"type": "Feature", "geometry": {"type": "Point", "coordinates": [127.50510000085103, 37.33856054575135]}, "properties": {"objectid": 11517, "fldn_area": 162252, "fldn_grade": 6, "fldn_yr": 2013, "stdg_ctpv_cd": 41, "fldn_dst_nm": "7.22~23 집중호우", "fldn_cs_dtl_nm": "하천범람 및 내수침수", "reference_score": 71.981473, "reference_source": "MOIS Flood Trace Map 2002-2022"}}, {"type": "Feature", "geometry": {"type": "Point", "coordinates": [126.83693153256382, 37.00959298823656]}, "properties": {"objectid": 404, "fldn_area": 1770924, "fldn_grade": 5, "fldn_yr": 2006, "stdg_ctpv_cd": 41, "fldn_dst_nm": "2006. 07. 25 집중호우 및 제3호 태풍 “", "fldn_cs_dtl_nm": "우수유입, 내수침수 및 남양호 수위상승에 의한 역류", "reference_score": 71.935063, "reference_source": "MOIS Flood Trace Map 2002-2022"}}, {"type": "Feature", "geometry": {"type": "Point", "coordinates": [128.71199503562272, 35.53610965710106]}, "properties": {"objectid": 8199, "fldn_area": 159817, "fldn_grade": 6, "fldn_yr": 2011, "stdg_ctpv_cd": 48, "fldn_dst_nm": "2011년 집중호우", "fldn_cs_dtl_nm": "집중호우에 의한 하천범람", "reference_score": 71.890746, "reference_source": "MOIS Flood Trace Map 2002-2022"}}, {"type": "Feature", "geometry": {"type": "Point", "coordinates": [128.21579504297216, 37.547361887407455]}, "properties": {"objectid": 2582, "fldn_area": 157880, "fldn_grade": 6, "fldn_yr": 2006, "stdg_ctpv_cd": 42, "fldn_dst_nm": "집중호우로 인한 침수", "fldn_cs_dtl_nm": "우수유입에 의한 농경지 침수", "reference_score": 71.817581, "reference_source": "MOIS Flood Trace Map 2002-2022"}}, {"type": "Feature", "geometry": {"type": "Point", "coordinates": [128.5351933138213, 37.13076296383172]}, "properties": {"objectid": 2033, "fldn_area": 156836, "fldn_grade": 6, "fldn_yr": 2006, "stdg_ctpv_cd": 42, "fldn_dst_nm": "집중호우로 인한 침수", "fldn_cs_dtl_nm": "우수 및 하천 범람으로 농경지침수", "reference_score": 71.777774, "reference_source": "MOIS Flood Trace Map 2002-2022"}}, {"type": "Feature", "geometry": {"type": "Point", "coordinates": [127.32650551156443, 38.28373682947978]}, "properties": {"objectid": 16895, "fldn_area": 1699530, "fldn_grade": 5, "fldn_yr": 2020, "stdg_ctpv_cd": 42, "fldn_dst_nm": "8월 집중호우", "fldn_cs_dtl_nm": "집중호우로 인한 하천범람", "reference_score": 71.729314, "reference_source": "MOIS Flood Trace Map 2002-2022"}}, {"type": "Feature", "geometry": {"type": "Point", "coordinates": [128.54982330568384, 37.626907162950694]}, "properties": {"objectid": 3863, "fldn_area": 152399, "fldn_grade": 6, "fldn_yr": 2006, "stdg_ctpv_cd": 42, "fldn_dst_nm": "집중 호우에 의한 침수", "fldn_cs_dtl_nm": "하천 범람으로 농경지 침수", "reference_score": 71.605584, "reference_source": "MOIS Flood Trace Map 2002-2022"}}, {"type": "Feature", "geometry": {"type": "Point", "coordinates": [127.22302066421963, 35.40364590538165]}, "properties": {"objectid": 11867, "fldn_area": 150949, "fldn_grade": 6, "fldn_yr": 2013, "stdg_ctpv_cd": 45, "fldn_dst_nm": "2013년 집중호우에 의한 침수", "fldn_cs_dtl_nm": "집중호우", "reference_score": 71.548224, "reference_source": "MOIS Flood Trace Map 2002-2022"}}, {"type": "Feature", "geometry": {"type": "Point", "coordinates": [127.57019070240173, 37.30948999139277]}, "properties": {"objectid": 11655, "fldn_area": 149106, "fldn_grade": 6, "fldn_yr": 2013, "stdg_ctpv_cd": 41, "fldn_dst_nm": "7.22~23 집중호우", "fldn_cs_dtl_nm": "하천범람 및 내수침수", "reference_score": 71.474517, "reference_source": "MOIS Flood Trace Map 2002-2022"}}, {"type": "Feature", "geometry": {"type": "Point", "coordinates": [127.65282614478502, 35.162380572455795]}, "properties": {"objectid": 24098, "fldn_area": 145511, "fldn_grade": 6, "fldn_yr": 2020, "stdg_ctpv_cd": 48, "fldn_dst_nm": "8.7~8.8 호우", "fldn_cs_dtl_nm": "집중호우로 인한 침수", "reference_score": 71.328083, "reference_source": "MOIS Flood Trace Map 2002-2022"}}, {"type": "Feature", "geometry": {"type": "Point", "coordinates": [128.14018811118117, 37.56778399623076]}, "properties": {"objectid": 2899, "fldn_area": 145377, "fldn_grade": 6, "fldn_yr": 2006, "stdg_ctpv_cd": 42, "fldn_dst_nm": "집중호우로 인한 침수", "fldn_cs_dtl_nm": "우수유입에 의한 농경지 침수", "reference_score": 71.322555, "reference_source": "MOIS Flood Trace Map 2002-2022"}}, {"type": "Feature", "geometry": {"type": "Point", "coordinates": [128.22663060097005, 37.5632893153487]}, "properties": {"objectid": 2400, "fldn_area": 143281, "fldn_grade": 6, "fldn_yr": 2006, "stdg_ctpv_cd": 42, "fldn_dst_nm": "집중호우로 인한 침수", "fldn_cs_dtl_nm": "우수유입에 의한 농경지 침수", "reference_score": 71.23542, "reference_source": "MOIS Flood Trace Map 2002-2022"}}, {"type": "Feature", "geometry": {"type": "Point", "coordinates": [128.12301360199032, 36.1001012277105]}, "properties": {"objectid": 8534, "fldn_area": 143142, "fldn_grade": 6, "fldn_yr": 2012, "stdg_ctpv_cd": 47, "fldn_dst_nm": "16호태풍 산바로 인한침수", "fldn_cs_dtl_nm": "제방붕괴로인한침수", "reference_score": 71.229596, "reference_source": "MOIS Flood Trace Map 2002-2022"}}, {"type": "Feature", "geometry": {"type": "Point", "coordinates": [129.37474426927756, 36.550167110921784]}, "properties": {"objectid": 17320, "fldn_area": 141369, "fldn_grade": 6, "fldn_yr": 2019, "stdg_ctpv_cd": 47, "fldn_dst_nm": "제 18호 태풍 미탁", "fldn_cs_dtl_nm": "내수침수 및 하천범람", "reference_score": 71.154815, "reference_source": "MOIS Flood Trace Map 2002-2022"}}, {"type": "Feature", "geometry": {"type": "Point", "coordinates": [127.63065218176915, 35.18040694809468]}, "properties": {"objectid": 24178, "fldn_area": 136694, "fldn_grade": 6, "fldn_yr": 2020, "stdg_ctpv_cd": 48, "fldn_dst_nm": "8.7~8.8 호우", "fldn_cs_dtl_nm": "집중호우로 인한 침수", "reference_score": 70.953045, "reference_source": "MOIS Flood Trace Map 2002-2022"}}, {"type": "Feature", "geometry": {"type": "Point", "coordinates": [128.01047683827576, 34.85834567691986]}, "properties": {"objectid": 9857, "fldn_area": 135196, "fldn_grade": 6, "fldn_yr": 2012, "stdg_ctpv_cd": 48, "fldn_dst_nm": "2012년 국지성집중호우", "fldn_cs_dtl_nm": "집중호우에 의한 하천범람", "reference_score": 70.88693, "reference_source": "MOIS Flood Trace Map 2002-2022"}}, {"type": "Feature", "geometry": {"type": "Point", "coordinates": [126.73207369268474, 37.85943876016934]}, "properties": {"objectid": 10537, "fldn_area": 1390834, "fldn_grade": 5, "fldn_yr": 2020, "stdg_ctpv_cd": 41, "fldn_dst_nm": "2020.7.28~8.11침수피해", "fldn_cs_dtl_nm": null, "reference_score": 70.727074, "reference_source": "MOIS Flood Trace Map 2002-2022"}}, {"type": "Feature", "geometry": {"type": "Point", "coordinates": [127.53377554602692, 36.93119116823536]}, "properties": {"objectid": 3122, "fldn_area": 1372177, "fldn_grade": 5, "fldn_yr": 2006, "stdg_ctpv_cd": 43, "fldn_dst_nm": "집중 호우에 의한 침수", "fldn_cs_dtl_nm": "집중호우에 의한 하천범람으로 농경지침수", "reference_score": 70.659549, "reference_source": "MOIS Flood Trace Map 2002-2022"}}, {"type": "Feature", "geometry": {"type": "Point", "coordinates": [129.18931513917858, 35.55828524789677]}, "properties": {"objectid": 12625, "fldn_area": 125992, "fldn_grade": 6, "fldn_yr": 2016, "stdg_ctpv_cd": 31, "fldn_dst_nm": "태풍'차바'", "fldn_cs_dtl_nm": "집중호우", "reference_score": 70.46389, "reference_source": "MOIS Flood Trace Map 2002-2022"}}, {"type": "Feature", "geometry": {"type": "Point", "coordinates": [128.72142299355824, 35.52272605815473]}, "properties": {"objectid": 8218, "fldn_area": 123055, "fldn_grade": 6, "fldn_yr": 2011, "stdg_ctpv_cd": 48, "fldn_dst_nm": "2011년 집중호우", "fldn_cs_dtl_nm": "집중호우에 의한 하천범람", "reference_score": 70.322369, "reference_source": "MOIS Flood Trace Map 2002-2022"}}, {"type": "Feature", "geometry": {"type": "Point", "coordinates": [127.84014838736148, 36.791728674025784]}, "properties": {"objectid": 16447, "fldn_area": 121923, "fldn_grade": 6, "fldn_yr": 2017, "stdg_ctpv_cd": 43, "fldn_dst_nm": "2017년 집중호우", "fldn_cs_dtl_nm": "집중호우로 인한 농경지 침수", "reference_score": 70.266919, "reference_source": "MOIS Flood Trace Map 2002-2022"}}, {"type": "Feature", "geometry": {"type": "Point", "coordinates": [128.37985204385086, 37.61122013071417]}, "properties": {"objectid": 3787, "fldn_area": 120766, "fldn_grade": 6, "fldn_yr": 2006, "stdg_ctpv_cd": 42, "fldn_dst_nm": "집중 호우에 의한 침수", "fldn_cs_dtl_nm": "우수에 의한 방죽 붕괴로 농경지 침수", "reference_score": 70.20971, "reference_source": "MOIS Flood Trace Map 2002-2022"}}, {"type": "Feature", "geometry": {"type": "Point", "coordinates": [127.69637046258997, 37.70425655263545]}, "properties": {"objectid": 3654, "fldn_area": 119442, "fldn_grade": 6, "fldn_yr": 2006, "stdg_ctpv_cd": 42, "fldn_dst_nm": "집중 호우에 의한 침수", "fldn_cs_dtl_nm": "홍천강과 구만천의 합류로 인한 범람", "reference_score": 70.143567, "reference_source": "MOIS Flood Trace Map 2002-2022"}}, {"type": "Feature", "geometry": {"type": "Point", "coordinates": [128.41696088195545, 35.608807057958906]}, "properties": {"objectid": 22518, "fldn_area": 119366, "fldn_grade": 6, "fldn_yr": 2020, "stdg_ctpv_cd": 48, "fldn_dst_nm": "20.7.28. ~ 8.11. 집중호우", "fldn_cs_dtl_nm": "우수량의 급증으로인한 배수불량 내수침수", "reference_score": 70.139748, "reference_source": "MOIS Flood Trace Map 2002-2022"}}, {"type": "Feature", "geometry": {"type": "Point", "coordinates": [127.68078534062877, 37.826738545344845]}, "properties": {"objectid": 19780, "fldn_area": 117931, "fldn_grade": 6, "fldn_yr": 2020, "stdg_ctpv_cd": 42, "fldn_dst_nm": "집중호우", "fldn_cs_dtl_nm": "의암댐수문개방", "reference_score": 70.067181, "reference_source": "MOIS Flood Trace Map 2002-2022"}}, {"type": "Feature", "geometry": {"type": "Point", "coordinates": [127.07277061846732, 38.08948072481106]}, "properties": {"objectid": 20428, "fldn_area": 111184, "fldn_grade": 6, "fldn_yr": 2020, "stdg_ctpv_cd": 41, "fldn_dst_nm": "2020년 7월 28일 ~ 8월 11일 집중호우에 의한 침수피", "fldn_cs_dtl_nm": "내수침수", "reference_score": 69.713705, "reference_source": "MOIS Flood Trace Map 2002-2022"}}, {"type": "Feature", "geometry": {"type": "Point", "coordinates": [127.65958403240626, 36.62071711078643]}, "properties": {"objectid": 13718, "fldn_area": 111055, "fldn_grade": 6, "fldn_yr": 2017, "stdg_ctpv_cd": 43, "fldn_dst_nm": "2017년7월16일 중부재해", "fldn_cs_dtl_nm": "하천범람 및 내수침수", "reference_score": 69.706739, "reference_source": "MOIS Flood Trace Map 2002-2022"}}, {"type": "Feature", "geometry": {"type": "Point", "coordinates": [127.85495388548374, 34.78029473969645]}, "properties": {"objectid": 9792, "fldn_area": 108895, "fldn_grade": 6, "fldn_yr": 2012, "stdg_ctpv_cd": 48, "fldn_dst_nm": "2012년 국지성집중호우", "fldn_cs_dtl_nm": "집중호우에 의한 하천 범람", "reference_score": 69.588891, "reference_source": "MOIS Flood Trace Map 2002-2022"}}, {"type": "Feature", "geometry": {"type": "Point", "coordinates": [126.93756613061446, 35.26849681370248]}, "properties": {"objectid": 21339, "fldn_area": 1085023, "fldn_grade": 5, "fldn_yr": 2020, "stdg_ctpv_cd": 46, "fldn_dst_nm": "집중호우", "fldn_cs_dtl_nm": "집중호우로 인한 영산강범람", "reference_score": 69.485563, "reference_source": "MOIS Flood Trace Map 2002-2022"}}, {"type": "Feature", "geometry": {"type": "Point", "coordinates": [129.25972128403365, 35.56003165255723]}, "properties": {"objectid": 12139, "fldn_area": 102422, "fldn_grade": 6, "fldn_yr": 2016, "stdg_ctpv_cd": 31, "fldn_dst_nm": "태풍'차바'", "fldn_cs_dtl_nm": "집중호우", "reference_score": 69.221199, "reference_source": "MOIS Flood Trace Map 2002-2022"}}, {"type": "Feature", "geometry": {"type": "Point", "coordinates": [128.51087758062047, 37.222399653043134]}, "properties": {"objectid": 2514, "fldn_area": 102263, "fldn_grade": 6, "fldn_yr": 2006, "stdg_ctpv_cd": 42, "fldn_dst_nm": "집중호우로 인한 침수", "fldn_cs_dtl_nm": "우수 및 하천 범람으로 농경지침수", "reference_score": 69.211878, "reference_source": "MOIS Flood Trace Map 2002-2022"}}, {"type": "Feature", "geometry": {"type": "Point", "coordinates": [126.80618875641724, 37.735938001044275]}, "properties": {"objectid": 701, "fldn_area": 1002987, "fldn_grade": 5, "fldn_yr": 2006, "stdg_ctpv_cd": 41, "fldn_dst_nm": "제3호태풍 에위니아-집중호우로 인한", "fldn_cs_dtl_nm": "장진천 수위 상승으로 내수에 의한 침수 및 농경지 지대내 좁은 구거로 인", "reference_score": 69.092471, "reference_source": "MOIS Flood Trace Map 2002-2022"}}, {"type": "Feature", "geometry": {"type": "Point", "coordinates": [127.4613471776919, 35.157587321922136]}, "properties": {"objectid": 22364, "fldn_area": 98349, "fldn_grade": 6, "fldn_yr": 2020, "stdg_ctpv_cd": 46, "fldn_dst_nm": "집중호우", "fldn_cs_dtl_nm": "집중호우 및 하천범람", "reference_score": 68.977727, "reference_source": "MOIS Flood Trace Map 2002-2022"}}, {"type": "Feature", "geometry": {"type": "Point", "coordinates": [128.19904251912644, 37.47448342568551]}, "properties": {"objectid": 2534, "fldn_area": 97452, "fldn_grade": 6, "fldn_yr": 2006, "stdg_ctpv_cd": 42, "fldn_dst_nm": "집중호우로 인한 침수", "fldn_cs_dtl_nm": "우수유입에 의한 농경지 침수", "reference_score": 68.922753, "reference_source": "MOIS Flood Trace Map 2002-2022"}}, {"type": "Feature", "geometry": {"type": "Point", "coordinates": [127.94241993740513, 37.12052511019342]}, "properties": {"objectid": 19482, "fldn_area": 97436, "fldn_grade": 6, "fldn_yr": 2020, "stdg_ctpv_cd": 43, "fldn_dst_nm": "2020년08월02일 집중호우", "fldn_cs_dtl_nm": null, "reference_score": 68.921768, "reference_source": "MOIS Flood Trace Map 2002-2022"}}, {"type": "Feature", "geometry": {"type": "Point", "coordinates": [129.2220028715448, 35.4709710851706]}, "properties": {"objectid": 12390, "fldn_area": 93896, "fldn_grade": 6, "fldn_yr": 2016, "stdg_ctpv_cd": 31, "fldn_dst_nm": "태풍'차바'", "fldn_cs_dtl_nm": "집중호우", "reference_score": 68.699722, "reference_source": "MOIS Flood Trace Map 2002-2022"}}, {"type": "Feature", "geometry": {"type": "Point", "coordinates": [127.53897367400927, 37.363011312171835]}, "properties": {"objectid": 1783, "fldn_area": 93787, "fldn_grade": 6, "fldn_yr": 2006, "stdg_ctpv_cd": 41, "fldn_dst_nm": "집중호우", "fldn_cs_dtl_nm": "농경지 침수 및 하우스 침수", "reference_score": 68.692753, "reference_source": "MOIS Flood Trace Map 2002-2022"}}, {"type": "Feature", "geometry": {"type": "Point", "coordinates": [126.89708394812794, 36.93711971899505]}, "properties": {"objectid": 365, "fldn_area": 899943, "fldn_grade": 5, "fldn_yr": 2006, "stdg_ctpv_cd": 41, "fldn_dst_nm": "2006. 07. 25 집중호우 및 제3호 태풍 “", "fldn_cs_dtl_nm": "우수유입, 내수침수 및 방림천 제방범람, 서해안 만조로 역류", "reference_score": 68.550439, "reference_source": "MOIS Flood Trace Map 2002-2022"}}, {"type": "Feature", "geometry": {"type": "Point", "coordinates": [129.3805057967519, 36.54894025404879]}, "properties": {"objectid": 17343, "fldn_area": 86766, "fldn_grade": 6, "fldn_yr": 2019, "stdg_ctpv_cd": 47, "fldn_dst_nm": "제 18호 태풍 미탁", "fldn_cs_dtl_nm": "내수침수 및 하천범람", "reference_score": 68.22589, "reference_source": "MOIS Flood Trace Map 2002-2022"}}, {"type": "Feature", "geometry": {"type": "Point", "coordinates": [128.49422967431303, 37.152772452402175]}, "properties": {"objectid": 2147, "fldn_area": 85526, "fldn_grade": 6, "fldn_yr": 2006, "stdg_ctpv_cd": 42, "fldn_dst_nm": "집중호우로 인한 침수", "fldn_cs_dtl_nm": "우수 및 하천 범람으로 농경지침수", "reference_score": 68.139524, "reference_source": "MOIS Flood Trace Map 2002-2022"}}, {"type": "Feature", "geometry": {"type": "Point", "coordinates": [128.03550631596482, 35.14239520802146]}, "properties": {"objectid": 22756, "fldn_area": 84004, "fldn_grade": 6, "fldn_yr": 2020, "stdg_ctpv_cd": 48, "fldn_dst_nm": "집중호우", "fldn_cs_dtl_nm": "남강댐 방류에 따른 하천 범람", "reference_score": 68.03179, "reference_source": "MOIS Flood Trace Map 2002-2022"}}, {"type": "Feature", "geometry": {"type": "Point", "coordinates": [128.76554897084347, 35.5309637998164]}, "properties": {"objectid": 12257, "fldn_area": 82282, "fldn_grade": 6, "fldn_yr": 2016, "stdg_ctpv_cd": 48, "fldn_dst_nm": "제18호 태풍 \"차바\"", "fldn_cs_dtl_nm": "집중호우 및 태풍에 의한 침수", "reference_score": 67.907519, "reference_source": "MOIS Flood Trace Map 2002-2022"}}, {"type": "Feature", "geometry": {"type": "Point", "coordinates": [127.68270463011228, 36.12672571782399]}, "properties": {"objectid": 20754, "fldn_area": 78619, "fldn_grade": 6, "fldn_yr": 2020, "stdg_ctpv_cd": 43, "fldn_dst_nm": "20년 8월 집중호우", "fldn_cs_dtl_nm": "국지성집중호우", "reference_score": 67.634288, "reference_source": "MOIS Flood Trace Map 2002-2022"}}, {"type": "Feature", "geometry": {"type": "Point", "coordinates": [128.01264344869887, 35.12681629928446]}, "properties": {"objectid": 22728, "fldn_area": 76897, "fldn_grade": 6, "fldn_yr": 2020, "stdg_ctpv_cd": 48, "fldn_dst_nm": "집중호우", "fldn_cs_dtl_nm": "남강댐 방류에 따른 하천 범람", "reference_score": 67.501411, "reference_source": "MOIS Flood Trace Map 2002-2022"}}, {"type": "Feature", "geometry": {"type": "Point", "coordinates": [129.31135590553657, 35.412806402037674]}, "properties": {"objectid": 13173, "fldn_area": 76577, "fldn_grade": 6, "fldn_yr": 2016, "stdg_ctpv_cd": 31, "fldn_dst_nm": "태풍'차바'", "fldn_cs_dtl_nm": "집중호우", "reference_score": 67.476391, "reference_source": "MOIS Flood Trace Map 2002-2022"}}, {"type": "Feature", "geometry": {"type": "Point", "coordinates": [128.42037052526248, 37.438657700996615]}, "properties": {"objectid": 3929, "fldn_area": 75715, "fldn_grade": 6, "fldn_yr": 2006, "stdg_ctpv_cd": 42, "fldn_dst_nm": "집중 호우에 의한 침수", "fldn_cs_dtl_nm": "하천 범람으로 농경지 침수", "reference_score": 67.408469, "reference_source": "MOIS Flood Trace Map 2002-2022"}}, {"type": "Feature", "geometry": {"type": "Point", "coordinates": [127.31833654413742, 35.27089440242013]}, "properties": {"objectid": 2073, "fldn_area": 74729, "fldn_grade": 6, "fldn_yr": 2020, "stdg_ctpv_cd": 46, "fldn_dst_nm": "집중호우", "fldn_cs_dtl_nm": "집중호우로 인한 하천범람", "reference_score": 67.329821, "reference_source": "MOIS Flood Trace Map 2002-2022"}}, {"type": "Feature", "geometry": {"type": "Point", "coordinates": [127.19973657940133, 35.37126681173695]}, "properties": {"objectid": 8480, "fldn_area": 74427, "fldn_grade": 6, "fldn_yr": 2011, "stdg_ctpv_cd": 45, "fldn_dst_nm": "집중호우", "fldn_cs_dtl_nm": "집중호우", "reference_score": 67.305525, "reference_source": "MOIS Flood Trace Map 2002-2022"}}, {"type": "Feature", "geometry": {"type": "Point", "coordinates": [127.61027169269609, 37.406688180617]}, "properties": {"objectid": 10684, "fldn_area": 72979, "fldn_grade": 6, "fldn_yr": 2013, "stdg_ctpv_cd": 41, "fldn_dst_nm": "7.22~23 집중호우", "fldn_cs_dtl_nm": "하천범람 및 내수침수", "reference_score": 67.187644, "reference_source": "MOIS Flood Trace Map 2002-2022"}}, {"type": "Feature", "geometry": {"type": "Point", "coordinates": [127.80668978484566, 37.3687546126774]}, "properties": {"objectid": 5071, "fldn_area": 72174, "fldn_grade": 6, "fldn_yr": 2009, "stdg_ctpv_cd": 42, "fldn_dst_nm": "7월 집중호우", "fldn_cs_dtl_nm": "하천범람", "reference_score": 67.121094, "reference_source": "MOIS Flood Trace Map 2002-2022"}}, {"type": "Feature", "geometry": {"type": "Point", "coordinates": [128.34975417612915, 35.6425499317166]}, "properties": {"objectid": 23289, "fldn_area": 72042, "fldn_grade": 6, "fldn_yr": 2020, "stdg_ctpv_cd": 48, "fldn_dst_nm": "2020.7.28 ~ 8.11 집중호우", "fldn_cs_dtl_nm": "우수배제불량", "reference_score": 67.110111, "reference_source": "MOIS Flood Trace Map 2002-2022"}}, {"type": "Feature", "geometry": {"type": "Point", "coordinates": [127.93726357864433, 37.39848774042266]}, "properties": {"objectid": 6509, "fldn_area": 67938, "fldn_grade": 6, "fldn_yr": 2010, "stdg_ctpv_cd": 42, "fldn_dst_nm": "2010년 집중호우", "fldn_cs_dtl_nm": "집중호우로 배수로붕괴 및 역류", "reference_score": 66.758193, "reference_source": "MOIS Flood Trace Map 2002-2022"}}, {"type": "Feature", "geometry": {"type": "Point", "coordinates": [127.28447138174639, 37.00669822858472]}, "properties": {"objectid": 780, "fldn_area": 617294, "fldn_grade": 5, "fldn_yr": 2006, "stdg_ctpv_cd": 41, "fldn_dst_nm": "7.26집중호우및 제3호태풍 에위니아", "fldn_cs_dtl_nm": "하천제방붕괴,주택파손및 농경지 매몰 침수", "reference_score": 66.665512, "reference_source": "MOIS Flood Trace Map 2002-2022"}}, {"type": "Feature", "geometry": {"type": "Point", "coordinates": [126.91414358745256, 37.03972076706887]}, "properties": {"objectid": 447, "fldn_area": 615988, "fldn_grade": 5, "fldn_yr": 2006, "stdg_ctpv_cd": 41, "fldn_dst_nm": "2006. 07. 25 집중호우 및 제3호 태풍 “", "fldn_cs_dtl_nm": "우수유입, 내수침수 및 중앙삼계수로 제방범람,  배수시설 미비", "reference_score": 66.654922, "reference_source": "MOIS Flood Trace Map 2002-2022"}}, {"type": "Feature", "geometry": {"type": "Point", "coordinates": [128.12325785011993, 37.56832401906259]}, "properties": {"objectid": 2698, "fldn_area": 66540, "fldn_grade": 6, "fldn_yr": 2006, "stdg_ctpv_cd": 42, "fldn_dst_nm": "집중호우로 인한 침수", "fldn_cs_dtl_nm": "우수유입에 의한 농경지 침수", "reference_score": 66.633441, "reference_source": "MOIS Flood Trace Map 2002-2022"}}, {"type": "Feature", "geometry": {"type": "Point", "coordinates": [126.7507038064568, 35.14841600339006]}, "properties": {"objectid": 18754, "fldn_area": 65530, "fldn_grade": 6, "fldn_yr": 2020, "stdg_ctpv_cd": 29, "fldn_dst_nm": "2020년 집중호우", "fldn_cs_dtl_nm": "집중호우", "reference_score": 66.541672, "reference_source": "MOIS Flood Trace Map 2002-2022"}}, {"type": "Feature", "geometry": {"type": "Point", "coordinates": [126.79990873761825, 37.79696642568341]}, "properties": {"objectid": 974, "fldn_area": 599889, "fldn_grade": 5, "fldn_yr": 2006, "stdg_ctpv_cd": 41, "fldn_dst_nm": "제3호태풍 에위니아-집중호우로 인한", "fldn_cs_dtl_nm": "문산천 수위 상승으로 내수에 의한 침수", "reference_score": 66.522508, "reference_source": "MOIS Flood Trace Map 2002-2022"}}, {"type": "Feature", "geometry": {"type": "Point", "coordinates": [129.27155417712476, 35.975728171882345]}, "properties": {"objectid": 3, "fldn_area": 591725, "fldn_grade": 5, "fldn_yr": 2002, "stdg_ctpv_cd": 47, "fldn_dst_nm": "2002년도 제 15호태풍 루사 집중호우", "fldn_cs_dtl_nm": "농경지 침수 및 농작물 피해, 하우스 파손", "reference_score": 66.453995, "reference_source": "MOIS Flood Trace Map 2002-2022"}}, {"type": "Feature", "geometry": {"type": "Point", "coordinates": [128.35718499612918, 35.00780291633009]}, "properties": {"objectid": 3038, "fldn_area": 588977, "fldn_grade": 5, "fldn_yr": 2006, "stdg_ctpv_cd": 48, "fldn_dst_nm": "2006. 7. 9 집중호우 및 제 3 호 태풍 “", "fldn_cs_dtl_nm": "집중호우로 인한 농경지 침수", "reference_score": 66.430721, "reference_source": "MOIS Flood Trace Map 2002-2022"}}, {"type": "Feature", "geometry": {"type": "Point", "coordinates": [128.34290383381676, 35.57024317092687]}, "properties": {"objectid": 23450, "fldn_area": 63250, "fldn_grade": 6, "fldn_yr": 2020, "stdg_ctpv_cd": 48, "fldn_dst_nm": "2020.7.28 ~ 8.11 집중호우", "fldn_cs_dtl_nm": "황강수위상승", "reference_score": 66.329197, "reference_source": "MOIS Flood Trace Map 2002-2022"}}, {"type": "Feature", "geometry": {"type": "Point", "coordinates": [128.5538485241566, 37.603840192626066]}, "properties": {"objectid": 3894, "fldn_area": 62035, "fldn_grade": 6, "fldn_yr": 2006, "stdg_ctpv_cd": 42, "fldn_dst_nm": "집중 호우에 의한 침수", "fldn_cs_dtl_nm": "하천 범람으로 농경지 침수", "reference_score": 66.212821, "reference_source": "MOIS Flood Trace Map 2002-2022"}}, {"type": "Feature", "geometry": {"type": "Point", "coordinates": [128.27203203840511, 36.200060092675635]}, "properties": {"objectid": 8611, "fldn_area": 562838, "fldn_grade": 5, "fldn_yr": 2012, "stdg_ctpv_cd": 47, "fldn_dst_nm": "16호태풍산바", "fldn_cs_dtl_nm": "제방붕괴로인한침수", "reference_score": 66.203744, "reference_source": "MOIS Flood Trace Map 2002-2022"}}, {"type": "Feature", "geometry": {"type": "Point", "coordinates": [128.2846177494979, 36.20076599300636]}, "properties": {"objectid": 8605, "fldn_area": 562838, "fldn_grade": 5, "fldn_yr": 2012, "stdg_ctpv_cd": 47, "fldn_dst_nm": "16호태풍산바", "fldn_cs_dtl_nm": "제방붕괴로인한침수", "reference_score": 66.203744, "reference_source": "MOIS Flood Trace Map 2002-2022"}}, {"type": "Feature", "geometry": {"type": "Point", "coordinates": [129.2833126799645, 35.98268304219441]}, "properties": {"objectid": 9, "fldn_area": 541340, "fldn_grade": 5, "fldn_yr": 2002, "stdg_ctpv_cd": 47, "fldn_dst_nm": "2002년도 제 15호태풍 루사 집중호우", "fldn_cs_dtl_nm": "농경지 침수 및 농작물 피해, 하우스 파손", "reference_score": 66.009023, "reference_source": "MOIS Flood Trace Map 2002-2022"}}, {"type": "Feature", "geometry": {"type": "Point", "coordinates": [127.89033012316192, 36.994024759544494]}, "properties": {"objectid": 3106, "fldn_area": 59678, "fldn_grade": 6, "fldn_yr": 2006, "stdg_ctpv_cd": 43, "fldn_dst_nm": "집중 호우에 의한 침수", "fldn_cs_dtl_nm": "충주댐 방류로 남한강 수위상승에 의한 침수", "reference_score": 65.980413, "reference_source": "MOIS Flood Trace Map 2002-2022"}}, {"type": "Feature", "geometry": {"type": "Point", "coordinates": [127.57285998745559, 37.738703102715355]}, "properties": {"objectid": 19824, "fldn_area": 57385, "fldn_grade": 6, "fldn_yr": 2020, "stdg_ctpv_cd": 42, "fldn_dst_nm": "집중호우", "fldn_cs_dtl_nm": "집중호우", "reference_score": 65.745334, "reference_source": "MOIS Flood Trace Map 2002-2022"}}, {"type": "Feature", "geometry": {"type": "Point", "coordinates": [129.4391072744699, 36.495555048470635]}, "properties": {"objectid": 17842, "fldn_area": 57194, "fldn_grade": 6, "fldn_yr": 2019, "stdg_ctpv_cd": 47, "fldn_dst_nm": "제25호 태풍 콩레이", "fldn_cs_dtl_nm": "태풍으로 인한 국지성집중호우", "reference_score": 65.725331, "reference_source": "MOIS Flood Trace Map 2002-2022"}}, {"type": "Feature", "geometry": {"type": "Point", "coordinates": [126.82656925283993, 35.12906613551858]}, "properties": {"objectid": 18975, "fldn_area": 509214, "fldn_grade": 5, "fldn_yr": 2020, "stdg_ctpv_cd": 29, "fldn_dst_nm": "2020년 집중호우", "fldn_cs_dtl_nm": "집중호우로 농경지 침수", "reference_score": 65.703128, "reference_source": "MOIS Flood Trace Map 2002-2022"}}, {"type": "Feature", "geometry": {"type": "Point", "coordinates": [126.82584134650574, 35.12450161418708]}, "properties": {"objectid": 18965, "fldn_area": 509214, "fldn_grade": 5, "fldn_yr": 2020, "stdg_ctpv_cd": 29, "fldn_dst_nm": "2020년 집중호우", "fldn_cs_dtl_nm": "집중호우로 농경지 침수", "reference_score": 65.703128, "reference_source": "MOIS Flood Trace Map 2002-2022"}}, {"type": "Feature", "geometry": {"type": "Point", "coordinates": [128.4726598091011, 37.162516882498636]}, "properties": {"objectid": 2238, "fldn_area": 56406, "fldn_grade": 6, "fldn_yr": 2006, "stdg_ctpv_cd": 42, "fldn_dst_nm": "집중호우로 인한 침수", "fldn_cs_dtl_nm": "우수 및 하천 범람으로 농경지침수", "reference_score": 65.642091, "reference_source": "MOIS Flood Trace Map 2002-2022"}}, {"type": "Feature", "geometry": {"type": "Point", "coordinates": [129.11941209887672, 35.50098732781821]}, "properties": {"objectid": 12316, "fldn_area": 56089, "fldn_grade": 6, "fldn_yr": 2016, "stdg_ctpv_cd": 31, "fldn_dst_nm": "태풍'차바'", "fldn_cs_dtl_nm": "집중호우", "reference_score": 65.608277, "reference_source": "MOIS Flood Trace Map 2002-2022"}}, {"type": "Feature", "geometry": {"type": "Point", "coordinates": [126.98535681474986, 34.56323047055201]}, "properties": {"objectid": 30687, "fldn_area": 55572, "fldn_grade": 6, "fldn_yr": 2021, "stdg_ctpv_cd": 46, "fldn_dst_nm": "2021.07.05-07 집중호우", "fldn_cs_dtl_nm": "하천범람 및 내수침수", "reference_score": 65.552717, "reference_source": "MOIS Flood Trace Map 2002-2022"}}, {"type": "Feature", "geometry": {"type": "Point", "coordinates": [127.00759656309364, 35.860399685196676]}, "properties": {"objectid": 9007, "fldn_area": 491000, "fldn_grade": 5, "fldn_yr": 2011, "stdg_ctpv_cd": 45, "fldn_dst_nm": "집중호우", "fldn_cs_dtl_nm": "집중호우", "reference_score": 65.521007, "reference_source": "MOIS Flood Trace Map 2002-2022"}}, {"type": "Feature", "geometry": {"type": "Point", "coordinates": [128.43568661001194, 35.49944087828858]}, "properties": {"objectid": 10053, "fldn_area": 12669664, "fldn_grade": 4, "fldn_yr": 2012, "stdg_ctpv_cd": 48, "fldn_dst_nm": "외부작성", "fldn_cs_dtl_nm": "외부작성자료", "reference_score": 65.418884, "reference_source": "MOIS Flood Trace Map 2002-2022"}}, {"type": "Feature", "geometry": {"type": "Point", "coordinates": [128.41785886978332, 35.50250611186923]}, "properties": {"objectid": 10059, "fldn_area": 12669664, "fldn_grade": 4, "fldn_yr": 2012, "stdg_ctpv_cd": 48, "fldn_dst_nm": "외부작성", "fldn_cs_dtl_nm": "외부작성자료", "reference_score": 65.418884, "reference_source": "MOIS Flood Trace Map 2002-2022"}}, {"type": "Feature", "geometry": {"type": "Point", "coordinates": [128.48325150192514, 35.38983241081193]}, "properties": {"objectid": 10062, "fldn_area": 12669664, "fldn_grade": 4, "fldn_yr": 2012, "stdg_ctpv_cd": 48, "fldn_dst_nm": "외부작성", "fldn_cs_dtl_nm": "외부작성자료", "reference_score": 65.418884, "reference_source": "MOIS Flood Trace Map 2002-2022"}}, {"type": "Feature", "geometry": {"type": "Point", "coordinates": [128.42827708031163, 35.41703994883028]}, "properties": {"objectid": 10316, "fldn_area": 12669664, "fldn_grade": 4, "fldn_yr": 2012, "stdg_ctpv_cd": 48, "fldn_dst_nm": "외부작성", "fldn_cs_dtl_nm": "외부작성자료", "reference_score": 65.418884, "reference_source": "MOIS Flood Trace Map 2002-2022"}}, {"type": "Feature", "geometry": {"type": "Point", "coordinates": [128.4820250571814, 35.42903274471818]}, "properties": {"objectid": 10066, "fldn_area": 12669664, "fldn_grade": 4, "fldn_yr": 2012, "stdg_ctpv_cd": 48, "fldn_dst_nm": "외부작성", "fldn_cs_dtl_nm": "외부작성자료", "reference_score": 65.418884, "reference_source": "MOIS Flood Trace Map 2002-2022"}}, {"type": "Feature", "geometry": {"type": "Point", "coordinates": [128.46699352231934, 35.433894617893905]}, "properties": {"objectid": 10052, "fldn_area": 12669664, "fldn_grade": 4, "fldn_yr": 2012, "stdg_ctpv_cd": 48, "fldn_dst_nm": "외부작성", "fldn_cs_dtl_nm": "외부작성자료", "reference_score": 65.418884, "reference_source": "MOIS Flood Trace Map 2002-2022"}}, {"type": "Feature", "geometry": {"type": "Point", "coordinates": [128.53007758039845, 35.4013217968755]}, "properties": {"objectid": 10068, "fldn_area": 12669664, "fldn_grade": 4, "fldn_yr": 2012, "stdg_ctpv_cd": 48, "fldn_dst_nm": "외부작성", "fldn_cs_dtl_nm": "외부작성자료", "reference_score": 65.418884, "reference_source": "MOIS Flood Trace Map 2002-2022"}}, {"type": "Feature", "geometry": {"type": "Point", "coordinates": [128.62161286859975, 35.3831677075628]}, "properties": {"objectid": 10061, "fldn_area": 12669664, "fldn_grade": 4, "fldn_yr": 2012, "stdg_ctpv_cd": 48, "fldn_dst_nm": "외부작성", "fldn_cs_dtl_nm": "외부작성자료", "reference_score": 65.418884, "reference_source": "MOIS Flood Trace Map 2002-2022"}}, {"type": "Feature", "geometry": {"type": "Point", "coordinates": [128.5110471951563, 35.57921755325653]}, "properties": {"objectid": 10058, "fldn_area": 12669664, "fldn_grade": 4, "fldn_yr": 2012, "stdg_ctpv_cd": 48, "fldn_dst_nm": "외부작성", "fldn_cs_dtl_nm": "외부작성자료", "reference_score": 65.418884, "reference_source": "MOIS Flood Trace Map 2002-2022"}}, {"type": "Feature", "geometry": {"type": "Point", "coordinates": [128.382968092913, 35.44948612650245]}, "properties": {"objectid": 10349, "fldn_area": 12669664, "fldn_grade": 4, "fldn_yr": 2012, "stdg_ctpv_cd": 48, "fldn_dst_nm": "외부작성", "fldn_cs_dtl_nm": "외부작성자료", "reference_score": 65.418884, "reference_source": "MOIS Flood Trace Map 2002-2022"}}, {"type": "Feature", "geometry": {"type": "Point", "coordinates": [128.42315607215423, 35.42004715024932]}, "properties": {"objectid": 10422, "fldn_area": 12669664, "fldn_grade": 4, "fldn_yr": 2012, "stdg_ctpv_cd": 48, "fldn_dst_nm": "외부작성", "fldn_cs_dtl_nm": "외부작성자료", "reference_score": 65.418884, "reference_source": "MOIS Flood Trace Map 2002-2022"}}, {"type": "Feature", "geometry": {"type": "Point", "coordinates": [128.4378201352726, 35.60634045410441]}, "properties": {"objectid": 10322, "fldn_area": 12669664, "fldn_grade": 4, "fldn_yr": 2012, "stdg_ctpv_cd": 48, "fldn_dst_nm": "외부작성", "fldn_cs_dtl_nm": "외부작성자료", "reference_score": 65.418884, "reference_source": "MOIS Flood Trace Map 2002-2022"}}, {"type": "Feature", "geometry": {"type": "Point", "coordinates": [128.63218621297025, 35.37804136756755]}, "properties": {"objectid": 10337, "fldn_area": 12669664, "fldn_grade": 4, "fldn_yr": 2012, "stdg_ctpv_cd": 48, "fldn_dst_nm": "외부작성", "fldn_cs_dtl_nm": "외부작성자료", "reference_score": 65.418884, "reference_source": "MOIS Flood Trace Map 2002-2022"}}, {"type": "Feature", "geometry": {"type": "Point", "coordinates": [128.64684315094152, 35.42539497491269]}, "properties": {"objectid": 10361, "fldn_area": 12669664, "fldn_grade": 4, "fldn_yr": 2012, "stdg_ctpv_cd": 48, "fldn_dst_nm": "외부작성", "fldn_cs_dtl_nm": "외부작성자료", "reference_score": 65.418884, "reference_source": "MOIS Flood Trace Map 2002-2022"}}, {"type": "Feature", "geometry": {"type": "Point", "coordinates": [128.4917423477238, 35.47859396562458]}, "properties": {"objectid": 10404, "fldn_area": 12669664, "fldn_grade": 4, "fldn_yr": 2012, "stdg_ctpv_cd": 48, "fldn_dst_nm": "외부작성", "fldn_cs_dtl_nm": "외부작성자료", "reference_score": 65.418884, "reference_source": "MOIS Flood Trace Map 2002-2022"}}, {"type": "Feature", "geometry": {"type": "Point", "coordinates": [127.7823259501191, 36.68439202163098]}, "properties": {"objectid": 16688, "fldn_area": 54326, "fldn_grade": 6, "fldn_yr": 2017, "stdg_ctpv_cd": 43, "fldn_dst_nm": "2017년 7월 16일 집중호우", "fldn_cs_dtl_nm": "집중호우로 역류와 원류로 인하여 침수", "reference_score": 65.41666, "reference_source": "MOIS Flood Trace Map 2002-2022"}}, {"type": "Feature", "geometry": {"type": "Point", "coordinates": [128.17801678498898, 37.57962565339582]}, "properties": {"objectid": 2553, "fldn_area": 54067, "fldn_grade": 6, "fldn_yr": 2006, "stdg_ctpv_cd": 42, "fldn_dst_nm": "집중호우로 인한 침수", "fldn_cs_dtl_nm": "우수유입에 의한 농경지 침수", "reference_score": 65.387987, "reference_source": "MOIS Flood Trace Map 2002-2022"}}, {"type": "Feature", "geometry": {"type": "Point", "coordinates": [128.7028086059625, 35.29049688084228]}, "properties": {"objectid": 3021, "fldn_area": 53043, "fldn_grade": 6, "fldn_yr": 2006, "stdg_ctpv_cd": 48, "fldn_dst_nm": "2006.7.3 제3호 태풍 에위니아로 인한 집", "fldn_cs_dtl_nm": "집중호우로 인한 농경지 침수", "reference_score": 65.273262, "reference_source": "MOIS Flood Trace Map 2002-2022"}}, {"type": "Feature", "geometry": {"type": "Point", "coordinates": [126.9336610341069, 36.490565518594266]}, "properties": {"objectid": 9353, "fldn_area": 52086, "fldn_grade": 6, "fldn_yr": 2012, "stdg_ctpv_cd": 44, "fldn_dst_nm": "공주시 집중호우", "fldn_cs_dtl_nm": "집중호우시 제방붕괴로 침수", "reference_score": 65.164024, "reference_source": "MOIS Flood Trace Map 2002-2022"}}, {"type": "Feature", "geometry": {"type": "Point", "coordinates": [129.10038049952564, 35.85808165244227]}, "properties": {"objectid": 8667, "fldn_area": 51768, "fldn_grade": 6, "fldn_yr": 2012, "stdg_ctpv_cd": 47, "fldn_dst_nm": "제16호태풍(산바)", "fldn_cs_dtl_nm": "저지대로인한 침수", "reference_score": 65.127281, "reference_source": "MOIS Flood Trace Map 2002-2022"}}, {"type": "Feature", "geometry": {"type": "Point", "coordinates": [127.68837561774255, 36.122424688182555]}, "properties": {"objectid": 20790, "fldn_area": 51639, "fldn_grade": 6, "fldn_yr": 2020, "stdg_ctpv_cd": 43, "fldn_dst_nm": "2020년 08월 집중호우", "fldn_cs_dtl_nm": "국지성 집중호우", "reference_score": 65.112311, "reference_source": "MOIS Flood Trace Map 2002-2022"}}, {"type": "Feature", "geometry": {"type": "Point", "coordinates": [129.15785840509713, 35.520745549658116]}, "properties": {"objectid": 12121, "fldn_area": 51440, "fldn_grade": 6, "fldn_yr": 2016, "stdg_ctpv_cd": 31, "fldn_dst_nm": "태풍'차바'", "fldn_cs_dtl_nm": "집중호우", "reference_score": 65.089145, "reference_source": "MOIS Flood Trace Map 2002-2022"}}, {"type": "Feature", "geometry": {"type": "Point", "coordinates": [127.72017169372177, 36.61964644181893]}, "properties": {"objectid": 13194, "fldn_area": 49813, "fldn_grade": 6, "fldn_yr": 2017, "stdg_ctpv_cd": 43, "fldn_dst_nm": "2017년7월16일 중부재해", "fldn_cs_dtl_nm": "하천범람", "reference_score": 64.896308, "reference_source": "MOIS Flood Trace Map 2002-2022"}}, {"type": "Feature", "geometry": {"type": "Point", "coordinates": [126.48815539514135, 35.33009238756835]}, "properties": {"objectid": 12747, "fldn_area": 49271, "fldn_grade": 6, "fldn_yr": 2014, "stdg_ctpv_cd": 46, "fldn_dst_nm": "2014년8월18일집중호우", "fldn_cs_dtl_nm": "하천범람 및 내수침수", "reference_score": 64.830667, "reference_source": "MOIS Flood Trace Map 2002-2022"}}, {"type": "Feature", "geometry": {"type": "Point", "coordinates": [126.31194221282826, 34.42467311198659]}, "properties": {"objectid": 8456, "fldn_area": 403353, "fldn_grade": 5, "fldn_yr": 2012, "stdg_ctpv_cd": 46, "fldn_dst_nm": "태풍 볼라벤, 덴빈", "fldn_cs_dtl_nm": "태풍에 의한 집중호우", "reference_score": 64.537849, "reference_source": "MOIS Flood Trace Map 2002-2022"}}, {"type": "Feature", "geometry": {"type": "Point", "coordinates": [128.7727790991281, 35.280202757713724]}, "properties": {"objectid": 7196, "fldn_area": 399083, "fldn_grade": 5, "fldn_yr": 2009, "stdg_ctpv_cd": 48, "fldn_dst_nm": "2009년7월집중호우", "fldn_cs_dtl_nm": "제방파괴(집중호우)", "reference_score": 64.484636, "reference_source": "MOIS Flood Trace Map 2002-2022"}}, {"type": "Feature", "geometry": {"type": "Point", "coordinates": [128.02168324235188, 37.06942243833065]}, "properties": {"objectid": 19430, "fldn_area": 46059, "fldn_grade": 6, "fldn_yr": 2020, "stdg_ctpv_cd": 43, "fldn_dst_nm": "2020년08월02일 집중호우", "fldn_cs_dtl_nm": null, "reference_score": 64.426201, "reference_source": "MOIS Flood Trace Map 2002-2022"}}, {"type": "Feature", "geometry": {"type": "Point", "coordinates": [128.84580174787286, 35.41077900836775]}, "properties": {"objectid": 12252, "fldn_area": 392268, "fldn_grade": 5, "fldn_yr": 2016, "stdg_ctpv_cd": 48, "fldn_dst_nm": "제18호 태풍 \"차바\"", "fldn_cs_dtl_nm": "집중호우 및 태풍에 의한 하천 범람", "reference_score": 64.398516, "reference_source": "MOIS Flood Trace Map 2002-2022"}}, {"type": "Feature", "geometry": {"type": "Point", "coordinates": [129.01913405885213, 35.75959358711727]}, "properties": {"objectid": 8861, "fldn_area": 45153, "fldn_grade": 6, "fldn_yr": 2012, "stdg_ctpv_cd": 47, "fldn_dst_nm": "제16호태풍(산바)", "fldn_cs_dtl_nm": "배수로 현소로인한 침수", "reference_score": 64.307005, "reference_source": "MOIS Flood Trace Map 2002-2022"}}, {"type": "Feature", "geometry": {"type": "Point", "coordinates": [129.44062314454428, 35.60888971760065]}, "properties": {"objectid": 13142, "fldn_area": 372498, "fldn_grade": 5, "fldn_yr": 2016, "stdg_ctpv_cd": 31, "fldn_dst_nm": "태풍'차바'", "fldn_cs_dtl_nm": "집중호우", "reference_score": 64.139948, "reference_source": "MOIS Flood Trace Map 2002-2022"}}, {"type": "Feature", "geometry": {"type": "Point", "coordinates": [127.60393635612141, 37.08296314103362]}, "properties": {"objectid": 3290, "fldn_area": 364450, "fldn_grade": 5, "fldn_yr": 2006, "stdg_ctpv_cd": 43, "fldn_dst_nm": "집중호우에 의한 침수", "fldn_cs_dtl_nm": "하천범란으로 인한 농경지 저지대 침수", "reference_score": 64.030737, "reference_source": "MOIS Flood Trace Map 2002-2022"}}, {"type": "Feature", "geometry": {"type": "Point", "coordinates": [128.81079842527302, 35.29533102401019]}, "properties": {"objectid": 16941, "fldn_area": 42092, "fldn_grade": 6, "fldn_yr": 2017, "stdg_ctpv_cd": 48, "fldn_dst_nm": "제18호 태풍 차바", "fldn_cs_dtl_nm": "태풍으로 인한 집중호우", "reference_score": 63.88582, "reference_source": "MOIS Flood Trace Map 2002-2022"}}, {"type": "Feature", "geometry": {"type": "Point", "coordinates": [127.60732025142067, 37.323077536954855]}, "properties": {"objectid": 11578, "fldn_area": 42014, "fldn_grade": 6, "fldn_yr": 2013, "stdg_ctpv_cd": 41, "fldn_dst_nm": "7.22~23 집중호우", "fldn_cs_dtl_nm": "하천범람 및 내수침수", "reference_score": 63.874692, "reference_source": "MOIS Flood Trace Map 2002-2022"}}, {"type": "Feature", "geometry": {"type": "Point", "coordinates": [128.31250912225212, 37.209434412507]}, "properties": {"objectid": 5176, "fldn_area": 344465, "fldn_grade": 5, "fldn_yr": 2007, "stdg_ctpv_cd": 43, "fldn_dst_nm": "집중호우에 의한 침수", "fldn_cs_dtl_nm": "시곡천 역류 범람", "reference_score": 63.748753, "reference_source": "MOIS Flood Trace Map 2002-2022"}}, {"type": "Feature", "geometry": {"type": "Point", "coordinates": [128.45301459941388, 37.51234463607172]}, "properties": {"objectid": 3564, "fldn_area": 40496, "fldn_grade": 6, "fldn_yr": 2006, "stdg_ctpv_cd": 42, "fldn_dst_nm": "집중 호우에 의한 침수", "fldn_cs_dtl_nm": "하천 범람으로 농경지 침수", "reference_score": 63.653899, "reference_source": "MOIS Flood Trace Map 2002-2022"}}, {"type": "Feature", "geometry": {"type": "Point", "coordinates": [128.20818927948605, 37.494131202580704]}, "properties": {"objectid": 2541, "fldn_area": 40338, "fldn_grade": 6, "fldn_yr": 2006, "stdg_ctpv_cd": 42, "fldn_dst_nm": "집중호우로 인한 침수", "fldn_cs_dtl_nm": "우수유입에 의한 농경지 침수", "reference_score": 63.630444, "reference_source": "MOIS Flood Trace Map 2002-2022"}}, {"type": "Feature", "geometry": {"type": "Point", "coordinates": [128.08371693988386, 37.09450311069084]}, "properties": {"objectid": 20837, "fldn_area": 39410, "fldn_grade": 6, "fldn_yr": 2020, "stdg_ctpv_cd": 43, "fldn_dst_nm": "2020년 8월 집중호우", "fldn_cs_dtl_nm": "집중호우에 의한 하천 범람", "reference_score": 63.490801, "reference_source": "MOIS Flood Trace Map 2002-2022"}}, {"type": "Feature", "geometry": {"type": "Point", "coordinates": [127.75343978332045, 36.616937842398166]}, "properties": {"objectid": 14177, "fldn_area": 39316, "fldn_grade": 6, "fldn_yr": 2017, "stdg_ctpv_cd": 43, "fldn_dst_nm": "2017년7월16일 중부재해", "fldn_cs_dtl_nm": "하천범람", "reference_score": 63.476474, "reference_source": "MOIS Flood Trace Map 2002-2022"}}, {"type": "Feature", "geometry": {"type": "Point", "coordinates": [127.7344367001302, 36.73431349939842]}, "properties": {"objectid": 16855, "fldn_area": 39258, "fldn_grade": 6, "fldn_yr": 2017, "stdg_ctpv_cd": 43, "fldn_dst_nm": "2017년 7월 16일 집중호우", "fldn_cs_dtl_nm": "집중호우에 따른 제방붕괴및 역류", "reference_score": 63.467616, "reference_source": "MOIS Flood Trace Map 2002-2022"}}, {"type": "Feature", "geometry": {"type": "Point", "coordinates": [128.13934420202764, 37.618719368482424]}, "properties": {"objectid": 2906, "fldn_area": 38953, "fldn_grade": 6, "fldn_yr": 2006, "stdg_ctpv_cd": 42, "fldn_dst_nm": "집중호우로 인한 침수", "fldn_cs_dtl_nm": "우수유입에 의한 농경지 침수", "reference_score": 63.42082, "reference_source": "MOIS Flood Trace Map 2002-2022"}}, {"type": "Feature", "geometry": {"type": "Point", "coordinates": [126.55469698389751, 33.51537285531878]}, "properties": {"objectid": 4550, "fldn_area": 314861, "fldn_grade": 5, "fldn_yr": 2007, "stdg_ctpv_cd": 50, "fldn_dst_nm": "태풍나리 및 집중호우", "fldn_cs_dtl_nm": "하천범람 및 우수유입", "reference_score": 63.299449, "reference_source": "MOIS Flood Trace Map 2002-2022"}}, {"type": "Feature", "geometry": {"type": "Point", "coordinates": [128.17107679084035, 36.12473961859303]}, "properties": {"objectid": 8797, "fldn_area": 311856, "fldn_grade": 5, "fldn_yr": 2012, "stdg_ctpv_cd": 47, "fldn_dst_nm": "16호태풍산바로인한침수", "fldn_cs_dtl_nm": "제방붕괴로인한저지대침수", "reference_score": 63.2515, "reference_source": "MOIS Flood Trace Map 2002-2022"}}, {"type": "Feature", "geometry": {"type": "Point", "coordinates": [128.860784267858, 37.01231510595736]}, "properties": {"objectid": 5713, "fldn_area": 307379, "fldn_grade": 5, "fldn_yr": 2008, "stdg_ctpv_cd": 47, "fldn_dst_nm": "2008년도  집중호우", "fldn_cs_dtl_nm": "집중호우로 인하여 급격히 늘어난 우수와 산사태로 운곡천의 수위상승으로", "reference_score": 63.1792, "reference_source": "MOIS Flood Trace Map 2002-2022"}}, {"type": "Feature", "geometry": {"type": "Point", "coordinates": [127.92933872762578, 37.43136708214271]}, "properties": {"objectid": 1061, "fldn_area": 36742, "fldn_grade": 6, "fldn_yr": 2006, "stdg_ctpv_cd": 42, "fldn_dst_nm": "집중호우에 의한 침수", "fldn_cs_dtl_nm": "우수및 섬강 범람으로 농경지 침수", "reference_score": 63.070218, "reference_source": "MOIS Flood Trace Map 2002-2022"}}, {"type": "Feature", "geometry": {"type": "Point", "coordinates": [127.24497182682738, 37.333167196149255]}, "properties": {"objectid": 6015, "fldn_area": 292236, "fldn_grade": 5, "fldn_yr": 2011, "stdg_ctpv_cd": 41, "fldn_dst_nm": "집중호우", "fldn_cs_dtl_nm": "집중호우", "reference_score": 62.926602, "reference_source": "MOIS Flood Trace Map 2002-2022"}}, {"type": "Feature", "geometry": {"type": "Point", "coordinates": [127.2274073011571, 37.299619192737154]}, "properties": {"objectid": 6610, "fldn_area": 291311, "fldn_grade": 5, "fldn_yr": 2011, "stdg_ctpv_cd": 41, "fldn_dst_nm": "집중호우", "fldn_cs_dtl_nm": "집중호우", "reference_score": 62.910751, "reference_source": "MOIS Flood Trace Map 2002-2022"}}, {"type": "Feature", "geometry": {"type": "Point", "coordinates": [127.62441567099552, 35.191485756897656]}, "properties": {"objectid": 24138, "fldn_area": 35631, "fldn_grade": 6, "fldn_yr": 2020, "stdg_ctpv_cd": 48, "fldn_dst_nm": "8.7~8.8 호우", "fldn_cs_dtl_nm": null, "reference_score": 62.885996, "reference_source": "MOIS Flood Trace Map 2002-2022"}}, {"type": "Feature", "geometry": {"type": "Point", "coordinates": [127.29580678733582, 36.745596752609664]}, "properties": {"objectid": 10410, "fldn_area": 281620, "fldn_grade": 5, "fldn_yr": 2017, "stdg_ctpv_cd": 44, "fldn_dst_nm": "2017년 7월 집중호우", "fldn_cs_dtl_nm": "하천범람(제방붕괴)", "reference_score": 62.741587, "reference_source": "MOIS Flood Trace Map 2002-2022"}}, {"type": "Feature", "geometry": {"type": "Point", "coordinates": [127.33563641754716, 37.17519981999544]}, "properties": {"objectid": 18543, "fldn_area": 273679, "fldn_grade": 5, "fldn_yr": 2020, "stdg_ctpv_cd": 41, "fldn_dst_nm": "7.28~8.11호우", "fldn_cs_dtl_nm": "내수침수", "reference_score": 62.598574, "reference_source": "MOIS Flood Trace Map 2002-2022"}}, {"type": "Feature", "geometry": {"type": "Point", "coordinates": [127.49875372356202, 37.47692406397687]}, "properties": {"objectid": 1381, "fldn_area": 265804, "fldn_grade": 5, "fldn_yr": 2006, "stdg_ctpv_cd": 41, "fldn_dst_nm": "침수 (태풍 에위니아 - 집중 호우 및", "fldn_cs_dtl_nm": "집중호우및 남한강 펌프장 용량부족으로 침수", "reference_score": 62.452591, "reference_source": "MOIS Flood Trace Map 2002-2022"}}, {"type": "Feature", "geometry": {"type": "Point", "coordinates": [128.48335293395286, 35.106463618975546]}, "properties": {"objectid": 12858, "fldn_area": 264537, "fldn_grade": 5, "fldn_yr": 2014, "stdg_ctpv_cd": 48, "fldn_dst_nm": "2014년 국지성 집중호우", "fldn_cs_dtl_nm": "국지성호우로 인한 하천범람", "reference_score": 62.428701, "reference_source": "MOIS Flood Trace Map 2002-2022"}}, {"type": "Feature", "geometry": {"type": "Point", "coordinates": [128.8190541083724, 37.005665318374206]}, "properties": {"objectid": 5587, "fldn_area": 263190, "fldn_grade": 5, "fldn_yr": 2008, "stdg_ctpv_cd": 47, "fldn_dst_nm": "2008년도  집중호우", "fldn_cs_dtl_nm": "집중호우로 인하여 급격히 늘어난 우수와 산사태로 운곡천의 수위상승으로", "reference_score": 62.403176, "reference_source": "MOIS Flood Trace Map 2002-2022"}}, {"type": "Feature", "geometry": {"type": "Point", "coordinates": [126.7710886963848, 37.73321057812834]}, "properties": {"objectid": 595, "fldn_area": 260143, "fldn_grade": 5, "fldn_yr": 2006, "stdg_ctpv_cd": 41, "fldn_dst_nm": "제3호태풍 에위니아-집중호우로 인한", "fldn_cs_dtl_nm": "설문천 수위 상승으로 내수에 의한 침수", "reference_score": 62.344953, "reference_source": "MOIS Flood Trace Map 2002-2022"}}, {"type": "Feature", "geometry": {"type": "Point", "coordinates": [127.63070717004078, 37.152985131542046]}, "properties": {"objectid": 3334, "fldn_area": 256177, "fldn_grade": 5, "fldn_yr": 2006, "stdg_ctpv_cd": 43, "fldn_dst_nm": "집중 호우에 의한 침수", "fldn_cs_dtl_nm": "집중호우에 의한 하천범람으로 농경지침수", "reference_score": 62.268139, "reference_source": "MOIS Flood Trace Map 2002-2022"}}, {"type": "Feature", "geometry": {"type": "Point", "coordinates": [126.95982557185876, 34.559462183701484]}, "properties": {"objectid": 31091, "fldn_area": 30926, "fldn_grade": 6, "fldn_yr": 2021, "stdg_ctpv_cd": 46, "fldn_dst_nm": "2021.07.05-07 집중호우", "fldn_cs_dtl_nm": "하천범람 및 내수침수", "reference_score": 62.036309, "reference_source": "MOIS Flood Trace Map 2002-2022"}}, {"type": "Feature", "geometry": {"type": "Point", "coordinates": [126.84774108260082, 35.186633899643525]}, "properties": {"objectid": 18834, "fldn_area": 243645, "fldn_grade": 5, "fldn_yr": 2020, "stdg_ctpv_cd": 29, "fldn_dst_nm": "2020년 집중호우", "fldn_cs_dtl_nm": "집중호우", "reference_score": 62.017358, "reference_source": "MOIS Flood Trace Map 2002-2022"}}, {"type": "Feature", "geometry": {"type": "Point", "coordinates": [127.63864364849223, 36.65960795678009]}, "properties": {"objectid": 13247, "fldn_area": 30403, "fldn_grade": 6, "fldn_yr": 2017, "stdg_ctpv_cd": 43, "fldn_dst_nm": "2017년7월16일 중부재해", "fldn_cs_dtl_nm": "하천범람 및 내수침수", "reference_score": 61.933977, "reference_source": "MOIS Flood Trace Map 2002-2022"}}, {"type": "Feature", "geometry": {"type": "Point", "coordinates": [127.570190889343, 37.84347391475463]}, "properties": {"objectid": 19838, "fldn_area": 29956, "fldn_grade": 6, "fldn_yr": 2020, "stdg_ctpv_cd": 42, "fldn_dst_nm": "우집중호", "fldn_cs_dtl_nm": "집중호우", "reference_score": 61.84511, "reference_source": "MOIS Flood Trace Map 2002-2022"}}, {"type": "Feature", "geometry": {"type": "Point", "coordinates": [129.12794292898192, 35.58412477860853]}, "properties": {"objectid": 12628, "fldn_area": 233184, "fldn_grade": 5, "fldn_yr": 2016, "stdg_ctpv_cd": 31, "fldn_dst_nm": "태풍'차바'", "fldn_cs_dtl_nm": "집중호우", "reference_score": 61.797937, "reference_source": "MOIS Flood Trace Map 2002-2022"}}, {"type": "Feature", "geometry": {"type": "Point", "coordinates": [126.38861298776035, 37.72805083993713]}, "properties": {"objectid": 7003, "fldn_area": 232423, "fldn_grade": 5, "fldn_yr": 2010, "stdg_ctpv_cd": 28, "fldn_dst_nm": "집중호우", "fldn_cs_dtl_nm": "집중호우", "reference_score": 61.781593, "reference_source": "MOIS Flood Trace Map 2002-2022"}}, {"type": "Feature", "geometry": {"type": "Point", "coordinates": [127.58909487654762, 37.371242081316545]}, "properties": {"objectid": 10486, "fldn_area": 29500, "fldn_grade": 6, "fldn_yr": 2013, "stdg_ctpv_cd": 41, "fldn_dst_nm": "7.22~23 집중호우", "fldn_cs_dtl_nm": "하천범람 및 내수침수", "reference_score": 61.753077, "reference_source": "MOIS Flood Trace Map 2002-2022"}}, {"type": "Feature", "geometry": {"type": "Point", "coordinates": [127.77366926678188, 36.68367252783206]}, "properties": {"objectid": 16714, "fldn_area": 29285, "fldn_grade": 6, "fldn_yr": 2017, "stdg_ctpv_cd": 43, "fldn_dst_nm": "2017년 7월 16일 집중호우", "fldn_cs_dtl_nm": "집중호우로 역류와 원류로 인하여 침수", "reference_score": 61.709189, "reference_source": "MOIS Flood Trace Map 2002-2022"}}, {"type": "Feature", "geometry": {"type": "Point", "coordinates": [128.76455404873465, 35.2626244984353]}, "properties": {"objectid": 16763, "fldn_area": 224955, "fldn_grade": 5, "fldn_yr": 2017, "stdg_ctpv_cd": 48, "fldn_dst_nm": "제18호 태풍 차바", "fldn_cs_dtl_nm": "태풍으로 인한 집중호우", "reference_score": 61.618301, "reference_source": "MOIS Flood Trace Map 2002-2022"}}, {"type": "Feature", "geometry": {"type": "Point", "coordinates": [127.17016159768875, 35.35941052858109]}, "properties": {"objectid": 11871, "fldn_area": 219923, "fldn_grade": 5, "fldn_yr": 2013, "stdg_ctpv_cd": 45, "fldn_dst_nm": "2013년 집중호우에 의한 침수", "fldn_cs_dtl_nm": "집중호우", "reference_score": 61.505187, "reference_source": "MOIS Flood Trace Map 2002-2022"}}, {"type": "Feature", "geometry": {"type": "Point", "coordinates": [127.99476226822388, 35.29906151686949]}, "properties": {"objectid": 10005, "fldn_area": 216517, "fldn_grade": 5, "fldn_yr": 2012, "stdg_ctpv_cd": 48, "fldn_dst_nm": "태풍'산바'", "fldn_cs_dtl_nm": "집중호우로 인한 외수유입", "reference_score": 61.427145, "reference_source": "MOIS Flood Trace Map 2002-2022"}}, {"type": "Feature", "geometry": {"type": "Point", "coordinates": [129.20972323402142, 35.5766070218863]}, "properties": {"objectid": 12649, "fldn_area": 216113, "fldn_grade": 5, "fldn_yr": 2016, "stdg_ctpv_cd": 31, "fldn_dst_nm": "태풍'차바'", "fldn_cs_dtl_nm": "집중호우", "reference_score": 61.417807, "reference_source": "MOIS Flood Trace Map 2002-2022"}}, {"type": "Feature", "geometry": {"type": "Point", "coordinates": [129.41321889137058, 35.60628492053401]}, "properties": {"objectid": 13136, "fldn_area": 215101, "fldn_grade": 5, "fldn_yr": 2016, "stdg_ctpv_cd": 31, "fldn_dst_nm": "태풍'차바'", "fldn_cs_dtl_nm": "집중호우", "reference_score": 61.394338, "reference_source": "MOIS Flood Trace Map 2002-2022"}}, {"type": "Feature", "geometry": {"type": "Point", "coordinates": [128.22487256057067, 35.62712825917741]}, "properties": {"objectid": 25155, "fldn_area": 211918, "fldn_grade": 5, "fldn_yr": 2020, "stdg_ctpv_cd": 48, "fldn_dst_nm": "2020.7.28 ~ 8.11 집중호우", "fldn_cs_dtl_nm": "황강월류", "reference_score": 61.319797, "reference_source": "MOIS Flood Trace Map 2002-2022"}}, {"type": "Feature", "geometry": {"type": "Point", "coordinates": [128.9164697029164, 37.73642344792792]}, "properties": {"objectid": 17951, "fldn_area": 199967, "fldn_grade": 5, "fldn_yr": 2019, "stdg_ctpv_cd": 42, "fldn_dst_nm": "제18호 태풍 미탁", "fldn_cs_dtl_nm": "저지대침수", "reference_score": 61.029563, "reference_source": "MOIS Flood Trace Map 2002-2022"}}, {"type": "Feature", "geometry": {"type": "Point", "coordinates": [127.85691370054462, 35.4700325026252]}, "properties": {"objectid": 9925, "fldn_area": 192671, "fldn_grade": 5, "fldn_yr": 2012, "stdg_ctpv_cd": 48, "fldn_dst_nm": "태풍'산바'", "fldn_cs_dtl_nm": "집중호우로 인하 하천범람", "reference_score": 60.843723, "reference_source": "MOIS Flood Trace Map 2002-2022"}}, {"type": "Feature", "geometry": {"type": "Point", "coordinates": [127.98874216196579, 34.72192699633907]}, "properties": {"objectid": 9564, "fldn_area": 187914, "fldn_grade": 5, "fldn_yr": 2012, "stdg_ctpv_cd": 48, "fldn_dst_nm": "2012년 국지성집중호우", "fldn_cs_dtl_nm": "집중호우에 의한 제방유실", "reference_score": 60.718725, "reference_source": "MOIS Flood Trace Map 2002-2022"}}, {"type": "Feature", "geometry": {"type": "Point", "coordinates": [126.25751452603356, 34.47958578333821]}, "properties": {"objectid": 9160, "fldn_area": 183877, "fldn_grade": 5, "fldn_yr": 2012, "stdg_ctpv_cd": 46, "fldn_dst_nm": "태풍 덴빈", "fldn_cs_dtl_nm": "집중호우 및 하천범람", "reference_score": 60.610139, "reference_source": "MOIS Flood Trace Map 2002-2022"}}, {"type": "Feature", "geometry": {"type": "Point", "coordinates": [126.51766206156594, 35.486312799330086]}, "properties": {"objectid": 9051, "fldn_area": 181885, "fldn_grade": 5, "fldn_yr": 2011, "stdg_ctpv_cd": 45, "fldn_dst_nm": "집중호우", "fldn_cs_dtl_nm": "집중호우", "reference_score": 60.555677, "reference_source": "MOIS Flood Trace Map 2002-2022"}}, {"type": "Feature", "geometry": {"type": "Point", "coordinates": [126.77235396395002, 37.42953456659867]}, "properties": {"objectid": 6662, "fldn_area": 181240, "fldn_grade": 5, "fldn_yr": 2010, "stdg_ctpv_cd": 41, "fldn_dst_nm": "농경지침수(집중호우)", "fldn_cs_dtl_nm": "집중호우", "reference_score": 60.537915, "reference_source": "MOIS Flood Trace Map 2002-2022"}}, {"type": "Feature", "geometry": {"type": "Point", "coordinates": [127.65712264412416, 37.4726893327961]}, "properties": {"objectid": 4789, "fldn_area": 23347, "fldn_grade": 6, "fldn_yr": 2011, "stdg_ctpv_cd": 41, "fldn_dst_nm": "2011년 집중호우", "fldn_cs_dtl_nm": "집중호우로인한 하천범람", "reference_score": 60.3496, "reference_source": "MOIS Flood Trace Map 2002-2022"}}, {"type": "Feature", "geometry": {"type": "Point", "coordinates": [126.62177972467731, 35.46346997272439]}, "properties": {"objectid": 8253, "fldn_area": 167750, "fldn_grade": 5, "fldn_yr": 2011, "stdg_ctpv_cd": 45, "fldn_dst_nm": "집중호우", "fldn_cs_dtl_nm": "집중호우", "reference_score": 60.15118, "reference_source": "MOIS Flood Trace Map 2002-2022"}}, {"type": "Feature", "geometry": {"type": "Point", "coordinates": [127.94256453535478, 34.777324740849046]}, "properties": {"objectid": 9879, "fldn_area": 161195, "fldn_grade": 5, "fldn_yr": 2012, "stdg_ctpv_cd": 48, "fldn_dst_nm": "2012년 태풍산바", "fldn_cs_dtl_nm": "제방유실과 집중호우로인한 침수", "reference_score": 59.951881, "reference_source": "MOIS Flood Trace Map 2002-2022"}}, {"type": "Feature", "geometry": {"type": "Point", "coordinates": [129.47655042096076, 35.747655749559165]}, "properties": {"objectid": 8816, "fldn_area": 159649, "fldn_grade": 5, "fldn_yr": 2012, "stdg_ctpv_cd": 47, "fldn_dst_nm": "제16호태풍(산바)", "fldn_cs_dtl_nm": "배수로 협소로인한 침수", "reference_score": 59.903696, "reference_source": "MOIS Flood Trace Map 2002-2022"}}, {"type": "Feature", "geometry": {"type": "Point", "coordinates": [129.23259080813298, 35.57622298465296]}, "properties": {"objectid": 12651, "fldn_area": 152358, "fldn_grade": 5, "fldn_yr": 2016, "stdg_ctpv_cd": 31, "fldn_dst_nm": "태풍'차바'", "fldn_cs_dtl_nm": "집중호우", "reference_score": 59.669974, "reference_source": "MOIS Flood Trace Map 2002-2022"}}, {"type": "Feature", "geometry": {"type": "Point", "coordinates": [127.11645595090891, 35.03793866577304]}, "properties": {"objectid": 23201, "fldn_area": 151228, "fldn_grade": 5, "fldn_yr": 2020, "stdg_ctpv_cd": 46, "fldn_dst_nm": "2020.7.28~8.11 호우", "fldn_cs_dtl_nm": "집중호우에 의한 하천범람", "reference_score": 59.632753, "reference_source": "MOIS Flood Trace Map 2002-2022"}}, {"type": "Feature", "geometry": {"type": "Point", "coordinates": [126.59990871217275, 35.50483302725054]}, "properties": {"objectid": 8956, "fldn_area": 150976, "fldn_grade": 5, "fldn_yr": 2011, "stdg_ctpv_cd": 45, "fldn_dst_nm": "집중호우", "fldn_cs_dtl_nm": "집중호우", "reference_score": 59.624414, "reference_source": "MOIS Flood Trace Map 2002-2022"}}, {"type": "Feature", "geometry": {"type": "Point", "coordinates": [129.29919906372947, 35.72767698078601]}, "properties": {"objectid": 8729, "fldn_area": 147259, "fldn_grade": 5, "fldn_yr": 2012, "stdg_ctpv_cd": 47, "fldn_dst_nm": "제16호태풍(산바)", "fldn_cs_dtl_nm": "저지대로인한 침수", "reference_score": 59.499775, "reference_source": "MOIS Flood Trace Map 2002-2022"}}, {"type": "Feature", "geometry": {"type": "Point", "coordinates": [126.80883108085709, 35.219032975087416]}, "properties": {"objectid": 19019, "fldn_area": 145717, "fldn_grade": 5, "fldn_yr": 2020, "stdg_ctpv_cd": 29, "fldn_dst_nm": "2020년 집중호우", "fldn_cs_dtl_nm": "집중호우", "reference_score": 59.447143, "reference_source": "MOIS Flood Trace Map 2002-2022"}}, {"type": "Feature", "geometry": {"type": "Point", "coordinates": [129.18359323716254, 35.51614033986887]}, "properties": {"objectid": 12120, "fldn_area": 144647, "fldn_grade": 5, "fldn_yr": 2016, "stdg_ctpv_cd": 31, "fldn_dst_nm": "태풍'차바'", "fldn_cs_dtl_nm": "집중호우", "reference_score": 59.410292, "reference_source": "MOIS Flood Trace Map 2002-2022"}}, {"type": "Feature", "geometry": {"type": "Point", "coordinates": [128.26391279243086, 34.63587446705853]}, "properties": {"objectid": 12206, "fldn_area": 19737, "fldn_grade": 6, "fldn_yr": 2016, "stdg_ctpv_cd": 48, "fldn_dst_nm": "9월17일 집중호우", "fldn_cs_dtl_nm": "하천범람 및 내수침수", "reference_score": 59.341806, "reference_source": "MOIS Flood Trace Map 2002-2022"}}, {"type": "Feature", "geometry": {"type": "Point", "coordinates": [127.93475851158746, 36.885282813819536]}, "properties": {"objectid": 9282, "fldn_area": 142136, "fldn_grade": 5, "fldn_yr": 2012, "stdg_ctpv_cd": 43, "fldn_dst_nm": "14호태풍 덴진 및 15호태풍 볼라벤", "fldn_cs_dtl_nm": "태풍영향의 집중호우에 의한 제방 붕괴", "reference_score": 59.322733, "reference_source": "MOIS Flood Trace Map 2002-2022"}}, {"type": "Feature", "geometry": {"type": "Point", "coordinates": [126.8321963025778, 37.92244383695472]}, "properties": {"objectid": 18249, "fldn_area": 19577, "fldn_grade": 6, "fldn_yr": 2020, "stdg_ctpv_cd": 41, "fldn_dst_nm": "2020.7.28~8.11침수피해", "fldn_cs_dtl_nm": null, "reference_score": 59.292971, "reference_source": "MOIS Flood Trace Map 2002-2022"}}, {"type": "Feature", "geometry": {"type": "Point", "coordinates": [127.77708752636947, 37.266011316032206]}, "properties": {"objectid": 10494, "fldn_area": 136534, "fldn_grade": 5, "fldn_yr": 2013, "stdg_ctpv_cd": 42, "fldn_dst_nm": "2013년 국지성 집중호우", "fldn_cs_dtl_nm": "집중호우에 의한 하천범람", "reference_score": 59.121681, "reference_source": "MOIS Flood Trace Map 2002-2022"}}, {"type": "Feature", "geometry": {"type": "Point", "coordinates": [128.88841698083053, 36.48411487146483]}, "properties": {"objectid": 8589, "fldn_area": 135359, "fldn_grade": 5, "fldn_yr": 2012, "stdg_ctpv_cd": 47, "fldn_dst_nm": "제16호태풍산바", "fldn_cs_dtl_nm": "태풍으로인한 집중호우", "reference_score": 59.078466, "reference_source": "MOIS Flood Trace Map 2002-2022"}}, {"type": "Feature", "geometry": {"type": "Point", "coordinates": [129.34633948300018, 35.59008565238037]}, "properties": {"objectid": 13134, "fldn_area": 134366, "fldn_grade": 5, "fldn_yr": 2016, "stdg_ctpv_cd": 31, "fldn_dst_nm": "2016년 태풍 차바", "fldn_cs_dtl_nm": "태풍으로 인한 집중호우", "reference_score": 59.041651, "reference_source": "MOIS Flood Trace Map 2002-2022"}}, {"type": "Feature", "geometry": {"type": "Point", "coordinates": [126.89800308280911, 34.462010976331136]}, "properties": {"objectid": 30580, "fldn_area": 134190, "fldn_grade": 5, "fldn_yr": 2021, "stdg_ctpv_cd": 46, "fldn_dst_nm": "2021.07.05-07 집중호우", "fldn_cs_dtl_nm": "하천범람 및 내수침수", "reference_score": 59.035097, "reference_source": "MOIS Flood Trace Map 2002-2022"}}, {"type": "Feature", "geometry": {"type": "Point", "coordinates": [127.6686037733549, 37.25532654187882]}, "properties": {"objectid": 1704, "fldn_area": 129618, "fldn_grade": 5, "fldn_yr": 2006, "stdg_ctpv_cd": 41, "fldn_dst_nm": "집중호우", "fldn_cs_dtl_nm": "농경지 침수", "reference_score": 58.861773, "reference_source": "MOIS Flood Trace Map 2002-2022"}}, {"type": "Feature", "geometry": {"type": "Point", "coordinates": [129.2285678009352, 35.247363527139385]}, "properties": {"objectid": 10628, "fldn_area": 128626, "fldn_grade": 5, "fldn_yr": 2014, "stdg_ctpv_cd": 26, "fldn_dst_nm": "집중호우", "fldn_cs_dtl_nm": "집중호우", "reference_score": 58.82336, "reference_source": "MOIS Flood Trace Map 2002-2022"}}, {"type": "Feature", "geometry": {"type": "Point", "coordinates": [126.99985867272407, 37.0190888600018]}, "properties": {"objectid": 437, "fldn_area": 2392470, "fldn_grade": 4, "fldn_yr": 2006, "stdg_ctpv_cd": 41, "fldn_dst_nm": "2006. 07. 25 집중호우 및 제3호 태풍 “", "fldn_cs_dtl_nm": "우수유입, 내수침수 및 진위천 제방범람,  배수시설 미비", "reference_score": 58.751349, "reference_source": "MOIS Flood Trace Map 2002-2022"}}, {"type": "Feature", "geometry": {"type": "Point", "coordinates": [127.01496219397818, 38.056655607604874]}, "properties": {"objectid": 20451, "fldn_area": 17875, "fldn_grade": 6, "fldn_yr": 2020, "stdg_ctpv_cd": 41, "fldn_dst_nm": "2020.07.28.~08.11.집중호우", "fldn_cs_dtl_nm": "하천범람 및 내수침수", "reference_score": 58.747286, "reference_source": "MOIS Flood Trace Map 2002-2022"}}, {"type": "Feature", "geometry": {"type": "Point", "coordinates": [128.15477709513428, 37.111396076152204]}, "properties": {"objectid": 19441, "fldn_area": 17672, "fldn_grade": 6, "fldn_yr": 2020, "stdg_ctpv_cd": 43, "fldn_dst_nm": "2020년 8월 집중호우", "fldn_cs_dtl_nm": "집중호우에 의한 하천범람", "reference_score": 58.67876, "reference_source": "MOIS Flood Trace Map 2002-2022"}}, {"type": "Feature", "geometry": {"type": "Point", "coordinates": [129.3322797681512, 35.39656419735682]}, "properties": {"objectid": 13182, "fldn_area": 119437, "fldn_grade": 5, "fldn_yr": 2016, "stdg_ctpv_cd": 31, "fldn_dst_nm": "태풍'차바'", "fldn_cs_dtl_nm": "집중호우", "reference_score": 58.452763, "reference_source": "MOIS Flood Trace Map 2002-2022"}}, {"type": "Feature", "geometry": {"type": "Point", "coordinates": [128.54161180386762, 35.17291226102801]}, "properties": {"objectid": 12797, "fldn_area": 17009, "fldn_grade": 6, "fldn_yr": 2014, "stdg_ctpv_cd": 48, "fldn_dst_nm": "2014년 국지성 집중호우", "fldn_cs_dtl_nm": "집중호우에 의한  외수범란", "reference_score": 58.44934, "reference_source": "MOIS Flood Trace Map 2002-2022"}}, {"type": "Feature", "geometry": {"type": "Point", "coordinates": [128.17617700283762, 36.14404953044937]}, "properties": {"objectid": 9580, "fldn_area": 115849, "fldn_grade": 5, "fldn_yr": 2012, "stdg_ctpv_cd": 47, "fldn_dst_nm": "16호태풍산바로인한침수", "fldn_cs_dtl_nm": "제방붕괴", "reference_score": 58.300258, "reference_source": "MOIS Flood Trace Map 2002-2022"}}, {"type": "Feature", "geometry": {"type": "Point", "coordinates": [128.08108769398743, 37.599942399176534]}, "properties": {"objectid": 2722, "fldn_area": 16016, "fldn_grade": 6, "fldn_yr": 2006, "stdg_ctpv_cd": 42, "fldn_dst_nm": "집중호우로 인한 침수", "fldn_cs_dtl_nm": "우수유입에 의한 농경지 침수", "reference_score": 58.088436, "reference_source": "MOIS Flood Trace Map 2002-2022"}}, {"type": "Feature", "geometry": {"type": "Point", "coordinates": [127.62082017274123, 36.619207052373994]}, "properties": {"objectid": 15026, "fldn_area": 16013, "fldn_grade": 6, "fldn_yr": 2017, "stdg_ctpv_cd": 43, "fldn_dst_nm": "2017년7월16일 중부재해", "fldn_cs_dtl_nm": "하천범람으로 교량높이까지 침수", "reference_score": 58.087312, "reference_source": "MOIS Flood Trace Map 2002-2022"}}, {"type": "Feature", "geometry": {"type": "Point", "coordinates": [129.35992732186884, 35.97620806887514]}, "properties": {"objectid": 8813, "fldn_area": 110636, "fldn_grade": 5, "fldn_yr": 2012, "stdg_ctpv_cd": 47, "fldn_dst_nm": "제16호태풍 산바", "fldn_cs_dtl_nm": "집중호우", "reference_score": 58.070049, "reference_source": "MOIS Flood Trace Map 2002-2022"}}, {"type": "Feature", "geometry": {"type": "Point", "coordinates": [126.85023572132872, 34.46108069578648]}, "properties": {"objectid": 30911, "fldn_area": 15825, "fldn_grade": 6, "fldn_yr": 2021, "stdg_ctpv_cd": 46, "fldn_dst_nm": "21.7.5.~7.8 집중호우", "fldn_cs_dtl_nm": "하천범람 및 내수침수", "reference_score": 58.016457, "reference_source": "MOIS Flood Trace Map 2002-2022"}}, {"type": "Feature", "geometry": {"type": "Point", "coordinates": [126.24064409747693, 34.52761157744134]}, "properties": {"objectid": 6695, "fldn_area": 1910655, "fldn_grade": 4, "fldn_yr": 2009, "stdg_ctpv_cd": 46, "fldn_dst_nm": "집중호우", "fldn_cs_dtl_nm": "집중호우", "reference_score": 57.851829, "reference_source": "MOIS Flood Trace Map 2002-2022"}}, {"type": "Feature", "geometry": {"type": "Point", "coordinates": [127.03396407602509, 37.00677966225515]}, "properties": {"objectid": 397, "fldn_area": 1858765, "fldn_grade": 4, "fldn_yr": 2006, "stdg_ctpv_cd": 41, "fldn_dst_nm": "2006. 태풍 에위니아 및 집중호우", "fldn_cs_dtl_nm": "집중호우로 우수유입에 의한 침수", "reference_score": 57.741694, "reference_source": "MOIS Flood Trace Map 2002-2022"}}, {"type": "Feature", "geometry": {"type": "Point", "coordinates": [127.70625966383977, 36.178371822786126]}, "properties": {"objectid": 20323, "fldn_area": 14410, "fldn_grade": 6, "fldn_yr": 2020, "stdg_ctpv_cd": 43, "fldn_dst_nm": "2020년 08월 집중호우", "fldn_cs_dtl_nm": "국지성 집중호우", "reference_score": 57.454482, "reference_source": "MOIS Flood Trace Map 2002-2022"}}, {"type": "Feature", "geometry": {"type": "Point", "coordinates": [126.69532836927682, 37.6374715349724]}, "properties": {"objectid": 895, "fldn_area": 1722894, "fldn_grade": 4, "fldn_yr": 2006, "stdg_ctpv_cd": 41, "fldn_dst_nm": "수해(집중호우에 의한 농경지 침수)", "fldn_cs_dtl_nm": "나진포천의 내수배제 불량과 운양배수문 배수펌프장의 노후화 및 용량 부", "reference_score": 57.438066, "reference_source": "MOIS Flood Trace Map 2002-2022"}}, {"type": "Feature", "geometry": {"type": "Point", "coordinates": [127.64111431847883, 36.131112425227755]}, "properties": {"objectid": 20766, "fldn_area": 14112, "fldn_grade": 6, "fldn_yr": 2020, "stdg_ctpv_cd": 43, "fldn_dst_nm": "2020년 08월 집중호우", "fldn_cs_dtl_nm": "국지성집중호우", "reference_score": 57.32911, "reference_source": "MOIS Flood Trace Map 2002-2022"}}, {"type": "Feature", "geometry": {"type": "Point", "coordinates": [129.22573961902523, 37.37450111088948]}, "properties": {"objectid": 17531, "fldn_area": 94390, "fldn_grade": 5, "fldn_yr": 2019, "stdg_ctpv_cd": 42, "fldn_dst_nm": "2019년 제18호 태풍 미탁에 의한 침수", "fldn_cs_dtl_nm": "집중호우에 따른 내수침수", "reference_score": 57.276005, "reference_source": "MOIS Flood Trace Map 2002-2022"}}, {"type": "Feature", "geometry": {"type": "Point", "coordinates": [129.24101447666837, 35.919015537741394]}, "properties": {"objectid": 8785, "fldn_area": 93913, "fldn_grade": 5, "fldn_yr": 2012, "stdg_ctpv_cd": 47, "fldn_dst_nm": "제16호태풍(산바)", "fldn_cs_dtl_nm": "형산강물 역류 및 농경지 배수로 협소", "reference_score": 57.250674, "reference_source": "MOIS Flood Trace Map 2002-2022"}}, {"type": "Feature", "geometry": {"type": "Point", "coordinates": [129.08333477789571, 36.57285761709444]}, "properties": {"objectid": 17316, "fldn_area": 93062, "fldn_grade": 5, "fldn_yr": 2019, "stdg_ctpv_cd": 47, "fldn_dst_nm": "제18호 태풍 미탁", "fldn_cs_dtl_nm": "배수불량으로 인한 하천 역류", "reference_score": 57.20516, "reference_source": "MOIS Flood Trace Map 2002-2022"}}, {"type": "Feature", "geometry": {"type": "Point", "coordinates": [127.67227923899729, 37.18243345093157]}, "properties": {"objectid": 20386, "fldn_area": 92662, "fldn_grade": 5, "fldn_yr": 2020, "stdg_ctpv_cd": 41, "fldn_dst_nm": "7.28. ~ 8.11. 집중호우", "fldn_cs_dtl_nm": "내수침수", "reference_score": 57.183623, "reference_source": "MOIS Flood Trace Map 2002-2022"}}, {"type": "Feature", "geometry": {"type": "Point", "coordinates": [127.27762732585626, 36.28480669622635]}, "properties": {"objectid": 6311, "fldn_area": 13654, "fldn_grade": 6, "fldn_yr": 2011, "stdg_ctpv_cd": 30, "fldn_dst_nm": "호우", "fldn_cs_dtl_nm": "범람", "reference_score": 57.131166, "reference_source": "MOIS Flood Trace Map 2002-2022"}}, {"type": "Feature", "geometry": {"type": "Point", "coordinates": [126.74139794851644, 37.604286450834415]}, "properties": {"objectid": 965, "fldn_area": 1567873, "fldn_grade": 4, "fldn_yr": 2006, "stdg_ctpv_cd": 41, "fldn_dst_nm": "수해(집중호우에 의한 농경지 침수)", "fldn_cs_dtl_nm": "낮은 지형과 계양천 상류의 홍수위가 하류에 영향을 미쳐 월류 함", "reference_score": 57.060924, "reference_source": "MOIS Flood Trace Map 2002-2022"}}, {"type": "Feature", "geometry": {"type": "Point", "coordinates": [126.8520613847996, 36.68158592426707]}, "properties": {"objectid": 21041, "fldn_area": 13416, "fldn_grade": 6, "fldn_yr": 2020, "stdg_ctpv_cd": 44, "fldn_dst_nm": "집중호우", "fldn_cs_dtl_nm": "국지성집중호우", "reference_score": 57.025667, "reference_source": "MOIS Flood Trace Map 2002-2022"}}, {"type": "Feature", "geometry": {"type": "Point", "coordinates": [126.53346052965267, 35.37720562769702]}, "properties": {"objectid": 9010, "fldn_area": 89655, "fldn_grade": 5, "fldn_yr": 2011, "stdg_ctpv_cd": 45, "fldn_dst_nm": "집중호우", "fldn_cs_dtl_nm": "집중호우", "reference_score": 57.018677, "reference_source": "MOIS Flood Trace Map 2002-2022"}}, {"type": "Feature", "geometry": {"type": "Point", "coordinates": [126.89448362319735, 34.477117095341086]}, "properties": {"objectid": 30542, "fldn_area": 89609, "fldn_grade": 5, "fldn_yr": 2021, "stdg_ctpv_cd": 46, "fldn_dst_nm": "2021.07.05-07 집중호우", "fldn_cs_dtl_nm": "하천범람 및 내수침수", "reference_score": 57.016111, "reference_source": "MOIS Flood Trace Map 2002-2022"}}, {"type": "Feature", "geometry": {"type": "Point", "coordinates": [127.81915733045192, 37.11638882078112]}, "properties": {"objectid": 3308, "fldn_area": 13243, "fldn_grade": 6, "fldn_yr": 2006, "stdg_ctpv_cd": 43, "fldn_dst_nm": "집중 호우에 의한 침수", "fldn_cs_dtl_nm": "충주댐 방류로 남한강 수위상승에 의한 침수", "reference_score": 56.947799, "reference_source": "MOIS Flood Trace Map 2002-2022"}}, {"type": "Feature", "geometry": {"type": "Point", "coordinates": [126.36788056036704, 35.174248461489356]}, "properties": {"objectid": 12707, "fldn_area": 85300, "fldn_grade": 5, "fldn_yr": 2014, "stdg_ctpv_cd": 46, "fldn_dst_nm": "2014년8월18일 집중호우", "fldn_cs_dtl_nm": "하천범람 및 내수침수", "reference_score": 56.769707, "reference_source": "MOIS Flood Trace Map 2002-2022"}}, {"type": "Feature", "geometry": {"type": "Point", "coordinates": [128.2303709149714, 35.198786927121596]}, "properties": {"objectid": 16274, "fldn_area": 81807, "fldn_grade": 5, "fldn_yr": 2018, "stdg_ctpv_cd": 48, "fldn_dst_nm": "제 25호 태풍 콩레이", "fldn_cs_dtl_nm": "중촌천 배수불량으로 저지대 제방 범람", "reference_score": 56.560652, "reference_source": "MOIS Flood Trace Map 2002-2022"}}, {"type": "Feature", "geometry": {"type": "Point", "coordinates": [127.7717361038039, 37.92891681983453]}, "properties": {"objectid": 20496, "fldn_area": 11823, "fldn_grade": 6, "fldn_yr": 2020, "stdg_ctpv_cd": 42, "fldn_dst_nm": "집중호우", "fldn_cs_dtl_nm": "집중호우", "reference_score": 56.26732, "reference_source": "MOIS Flood Trace Map 2002-2022"}}, {"type": "Feature", "geometry": {"type": "Point", "coordinates": [127.62414178706642, 37.686915947696505]}, "properties": {"objectid": 2604, "fldn_area": 11444, "fldn_grade": 6, "fldn_yr": 2006, "stdg_ctpv_cd": 42, "fldn_dst_nm": "집중 호우에 의한 침수", "fldn_cs_dtl_nm": "홍천강홍수에 대한 청평댐 수위조절로 인한 하천범람", "reference_score": 56.071849, "reference_source": "MOIS Flood Trace Map 2002-2022"}}, {"type": "Feature", "geometry": {"type": "Point", "coordinates": [128.41774172585264, 37.0505733787467]}, "properties": {"objectid": 3425, "fldn_area": 73163, "fldn_grade": 5, "fldn_yr": 2006, "stdg_ctpv_cd": 43, "fldn_dst_nm": "집중호우에 의한 침수", "fldn_cs_dtl_nm": "향산소하천 역류로 인한 주거및 농경지 침수", "reference_score": 56.002294, "reference_source": "MOIS Flood Trace Map 2002-2022"}}, {"type": "Feature", "geometry": {"type": "Point", "coordinates": [127.49286444867217, 34.94811027018641]}, "properties": {"objectid": 4621, "fldn_area": 10962, "fldn_grade": 6, "fldn_yr": 2007, "stdg_ctpv_cd": 46, "fldn_dst_nm": "제11호 태풍나리", "fldn_cs_dtl_nm": "태풍“나리” 집중호우로 인해 도로배수기능 저하", "reference_score": 55.813687, "reference_source": "MOIS Flood Trace Map 2002-2022"}}, {"type": "Feature", "geometry": {"type": "Point", "coordinates": [126.68125364452679, 33.49329361902059]}, "properties": {"objectid": 8312, "fldn_area": 69714, "fldn_grade": 5, "fldn_yr": 2011, "stdg_ctpv_cd": 50, "fldn_dst_nm": "9.11집중호우", "fldn_cs_dtl_nm": "상류지역 우수유입에 의한 침수", "reference_score": 55.760854, "reference_source": "MOIS Flood Trace Map 2002-2022"}}, {"type": "Feature", "geometry": {"type": "Point", "coordinates": [127.50642774950312, 36.913264703358905]}, "properties": {"objectid": 3211, "fldn_area": 68705, "fldn_grade": 5, "fldn_yr": 2006, "stdg_ctpv_cd": 43, "fldn_dst_nm": "집중 호우에 의한 침수", "fldn_cs_dtl_nm": "집중호우에 의한 하천범람으로 농경지침수", "reference_score": 55.687959, "reference_source": "MOIS Flood Trace Map 2002-2022"}}, {"type": "Feature", "geometry": {"type": "Point", "coordinates": [129.2464551532284, 35.31252247572955]}, "properties": {"objectid": 10656, "fldn_area": 1105140, "fldn_grade": 4, "fldn_yr": 2014, "stdg_ctpv_cd": 26, "fldn_dst_nm": "집중호우", "fldn_cs_dtl_nm": "집중호우로 인한 제방붕괴", "reference_score": 55.661934, "reference_source": "MOIS Flood Trace Map 2002-2022"}}, {"type": "Feature", "geometry": {"type": "Point", "coordinates": [128.30959535015745, 37.03896780696181]}, "properties": {"objectid": 20256, "fldn_area": 67934, "fldn_grade": 5, "fldn_yr": 2020, "stdg_ctpv_cd": 43, "fldn_dst_nm": "2020년 집중호우", "fldn_cs_dtl_nm": "집중호우로 인한 구거 범람", "reference_score": 55.631533, "reference_source": "MOIS Flood Trace Map 2002-2022"}}, {"type": "Feature", "geometry": {"type": "Point", "coordinates": [127.09374515189748, 35.886920815628024]}, "properties": {"objectid": 8247, "fldn_area": 1065842, "fldn_grade": 4, "fldn_yr": 2011, "stdg_ctpv_cd": 45, "fldn_dst_nm": "집중호우", "fldn_cs_dtl_nm": "집중호우", "reference_score": 55.517106, "reference_source": "MOIS Flood Trace Map 2002-2022"}}, {"type": "Feature", "geometry": {"type": "Point", "coordinates": [127.92543804083815, 34.83016350120405]}, "properties": {"objectid": 9787, "fldn_area": 66215, "fldn_grade": 5, "fldn_yr": 2012, "stdg_ctpv_cd": 48, "fldn_dst_nm": "2012년 태풍산바", "fldn_cs_dtl_nm": "집중호우", "reference_score": 55.503387, "reference_source": "MOIS Flood Trace Map 2002-2022"}}, {"type": "Feature", "geometry": {"type": "Point", "coordinates": [126.23713417282659, 34.46133133879173]}, "properties": {"objectid": 5169, "fldn_area": 1050313, "fldn_grade": 4, "fldn_yr": 2007, "stdg_ctpv_cd": 46, "fldn_dst_nm": "집중 호우에 의한 침수", "fldn_cs_dtl_nm": "우수 및 하천 범람으로 농경지 침수", "reference_score": 55.458399, "reference_source": "MOIS Flood Trace Map 2002-2022"}}, {"type": "Feature", "geometry": {"type": "Point", "coordinates": [126.70980854221628, 37.753412158518664]}, "properties": {"objectid": 560, "fldn_area": 997154, "fldn_grade": 4, "fldn_yr": 2006, "stdg_ctpv_cd": 41, "fldn_dst_nm": "제3호태풍 에위니아-집중호우로 인한", "fldn_cs_dtl_nm": "청룡두천 수위 상승으로 내수에 의한 침수", "reference_score": 55.250646, "reference_source": "MOIS Flood Trace Map 2002-2022"}}, {"type": "Feature", "geometry": {"type": "Point", "coordinates": [127.77321006206348, 37.92469458427539]}, "properties": {"objectid": 19777, "fldn_area": 61343, "fldn_grade": 5, "fldn_yr": 2020, "stdg_ctpv_cd": 42, "fldn_dst_nm": "8월 집중호우", "fldn_cs_dtl_nm": "소양강댐 수문개방", "reference_score": 55.121263, "reference_source": "MOIS Flood Trace Map 2002-2022"}}, {"type": "Feature", "geometry": {"type": "Point", "coordinates": [126.64032224047303, 37.66056932493285]}, "properties": {"objectid": 1915, "fldn_area": 955271, "fldn_grade": 4, "fldn_yr": 2006, "stdg_ctpv_cd": 41, "fldn_dst_nm": "수해(집중호우에 의한 농경지 침수)", "fldn_cs_dtl_nm": "지형적으로 저지대이고 가마지천이 상류에 비하여 하류가 좁고  또한 봉성", "reference_score": 55.079006, "reference_source": "MOIS Flood Trace Map 2002-2022"}}, {"type": "Feature", "geometry": {"type": "Point", "coordinates": [126.71855654596405, 37.507631395837414]}, "properties": {"objectid": 26773, "fldn_area": 9645, "fldn_grade": 6, "fldn_yr": 2022, "stdg_ctpv_cd": 28, "fldn_dst_nm": "집중호우", "fldn_cs_dtl_nm": "하수구 범람", "reference_score": 55.045792, "reference_source": "MOIS Flood Trace Map 2002-2022"}}, {"type": "Feature", "geometry": {"type": "Point", "coordinates": [126.65539082025812, 33.488887253945435]}, "properties": {"objectid": 7410, "fldn_area": 59557, "fldn_grade": 5, "fldn_yr": 2011, "stdg_ctpv_cd": 50, "fldn_dst_nm": "9.11집중호우", "fldn_cs_dtl_nm": "집상류지역 우수유입에 의한 침수", "reference_score": 54.97353, "reference_source": "MOIS Flood Trace Map 2002-2022"}}, {"type": "Feature", "geometry": {"type": "Point", "coordinates": [127.482771827213, 36.72596089024263]}, "properties": {"objectid": 14810, "fldn_area": 59048, "fldn_grade": 5, "fldn_yr": 2017, "stdg_ctpv_cd": 43, "fldn_dst_nm": "2017년7월16일중부재해", "fldn_cs_dtl_nm": "집중호우로 하천범람 및 내부침수", "reference_score": 54.930614, "reference_source": "MOIS Flood Trace Map 2002-2022"}}, {"type": "Feature", "geometry": {"type": "Point", "coordinates": [126.34123033643884, 37.69531366435443]}, "properties": {"objectid": 7126, "fldn_area": 58934, "fldn_grade": 5, "fldn_yr": 2010, "stdg_ctpv_cd": 28, "fldn_dst_nm": "강화군침수흔적도", "fldn_cs_dtl_nm": "지역적 집중호우", "reference_score": 54.920952, "reference_source": "MOIS Flood Trace Map 2002-2022"}}, {"type": "Feature", "geometry": {"type": "Point", "coordinates": [128.1728433117966, 36.39820211372833]}, "properties": {"objectid": 8643, "fldn_area": 58523, "fldn_grade": 5, "fldn_yr": 2012, "stdg_ctpv_cd": 47, "fldn_dst_nm": "2012년 태풍 산바", "fldn_cs_dtl_nm": "태풍산바에 따른 구거 범람 및 하천역류", "reference_score": 54.885961, "reference_source": "MOIS Flood Trace Map 2002-2022"}}, {"type": "Feature", "geometry": {"type": "Point", "coordinates": [127.8637902203885, 34.930576972856464]}, "properties": {"objectid": 9856, "fldn_area": 58471, "fldn_grade": 5, "fldn_yr": 2012, "stdg_ctpv_cd": 48, "fldn_dst_nm": "2012년 태풍산바", "fldn_cs_dtl_nm": "국지성 집중호우에 의한 침수", "reference_score": 54.881516, "reference_source": "MOIS Flood Trace Map 2002-2022"}}, {"type": "Feature", "geometry": {"type": "Point", "coordinates": [126.45921823837047, 35.32918617983943]}, "properties": {"objectid": 13175, "fldn_area": 57539, "fldn_grade": 5, "fldn_yr": 2014, "stdg_ctpv_cd": 46, "fldn_dst_nm": "2014년8월18일집중호우", "fldn_cs_dtl_nm": "하천범람 및 내수침수", "reference_score": 54.801178, "reference_source": "MOIS Flood Trace Map 2002-2022"}}, {"type": "Feature", "geometry": {"type": "Point", "coordinates": [127.46591519949, 37.29363779035115]}, "properties": {"objectid": 5368, "fldn_area": 56896, "fldn_grade": 5, "fldn_yr": 2009, "stdg_ctpv_cd": 41, "fldn_dst_nm": "집중호우", "fldn_cs_dtl_nm": "하천역류 및 우수유입", "reference_score": 54.744989, "reference_source": "MOIS Flood Trace Map 2002-2022"}}, {"type": "Feature", "geometry": {"type": "Point", "coordinates": [129.22082474246608, 35.89160278462468]}, "properties": {"objectid": 16291, "fldn_area": 55600, "fldn_grade": 5, "fldn_yr": 2018, "stdg_ctpv_cd": 47, "fldn_dst_nm": "태풍 콩레이", "fldn_cs_dtl_nm": "태풍 콩레이로 인한 집중호우", "reference_score": 54.629782, "reference_source": "MOIS Flood Trace Map 2002-2022"}}, {"type": "Feature", "geometry": {"type": "Point", "coordinates": [127.31978986512824, 37.16225732731304]}, "properties": {"objectid": 18233, "fldn_area": 52991, "fldn_grade": 5, "fldn_yr": 2020, "stdg_ctpv_cd": 41, "fldn_dst_nm": "7.28~8.11호우", "fldn_cs_dtl_nm": "내수침수", "reference_score": 54.389481, "reference_source": "MOIS Flood Trace Map 2002-2022"}}, {"type": "Feature", "geometry": {"type": "Point", "coordinates": [126.64111288335069, 37.60252565562462]}, "properties": {"objectid": 26838, "fldn_area": 8612, "fldn_grade": 6, "fldn_yr": 2022, "stdg_ctpv_cd": 28, "fldn_dst_nm": "22.08.08.~09. 집중호우", "fldn_cs_dtl_nm": "국지성집중호우", "reference_score": 54.366168, "reference_source": "MOIS Flood Trace Map 2002-2022"}}, {"type": "Feature", "geometry": {"type": "Point", "coordinates": [128.15657996099392, 37.47847142510352]}, "properties": {"objectid": 2531, "fldn_area": 8562, "fldn_grade": 6, "fldn_yr": 2006, "stdg_ctpv_cd": 42, "fldn_dst_nm": "집중호우로 인한 침수", "fldn_cs_dtl_nm": "우수유입에 의한 농경지 침수", "reference_score": 54.331235, "reference_source": "MOIS Flood Trace Map 2002-2022"}}, {"type": "Feature", "geometry": {"type": "Point", "coordinates": [128.1384167821022, 37.652227432270614]}, "properties": {"objectid": 2824, "fldn_area": 8533, "fldn_grade": 6, "fldn_yr": 2006, "stdg_ctpv_cd": 42, "fldn_dst_nm": "집중호우로 인한 침수", "fldn_cs_dtl_nm": "우수유입에 의한 농경지 침수", "reference_score": 54.310881, "reference_source": "MOIS Flood Trace Map 2002-2022"}}, {"type": "Feature", "geometry": {"type": "Point", "coordinates": [126.83722189952027, 36.36989686489243]}, "properties": {"objectid": 32749, "fldn_area": 51610, "fldn_grade": 5, "fldn_yr": 2022, "stdg_ctpv_cd": 44, "fldn_dst_nm": "8.8.~8.17.호우", "fldn_cs_dtl_nm": "집중호우에 의한 침수", "reference_score": 54.257451, "reference_source": "MOIS Flood Trace Map 2002-2022"}}, {"type": "Feature", "geometry": {"type": "Point", "coordinates": [126.27572218780574, 34.434247898912986]}, "properties": {"objectid": 8651, "fldn_area": 51483, "fldn_grade": 5, "fldn_yr": 2012, "stdg_ctpv_cd": 46, "fldn_dst_nm": "태풍 덴빈", "fldn_cs_dtl_nm": "집중호우 및 하천범람", "reference_score": 54.245132, "reference_source": "MOIS Flood Trace Map 2002-2022"}}, {"type": "Feature", "geometry": {"type": "Point", "coordinates": [127.63764801906072, 37.35641860003136]}, "properties": {"objectid": 11434, "fldn_area": 51385, "fldn_grade": 5, "fldn_yr": 2013, "stdg_ctpv_cd": 41, "fldn_dst_nm": "7.22~23 집중호우", "fldn_cs_dtl_nm": "하천범람 및 내수침수", "reference_score": 54.235605, "reference_source": "MOIS Flood Trace Map 2002-2022"}}, {"type": "Feature", "geometry": {"type": "Point", "coordinates": [127.48557249590115, 36.621331518699066]}, "properties": {"objectid": 33227, "fldn_area": 8392, "fldn_grade": 6, "fldn_yr": 2022, "stdg_ctpv_cd": 43, "fldn_dst_nm": "집중호우", "fldn_cs_dtl_nm": "집중호우로 인한 침수", "reference_score": 54.21092, "reference_source": "MOIS Flood Trace Map 2002-2022"}}, {"type": "Feature", "geometry": {"type": "Point", "coordinates": [126.47447878676587, 33.50011473700133]}, "properties": {"objectid": 4421, "fldn_area": 739683, "fldn_grade": 4, "fldn_yr": 2007, "stdg_ctpv_cd": 50, "fldn_dst_nm": "태풍나리 및 집중호우", "fldn_cs_dtl_nm": "상류지역 우수유입", "reference_score": 54.055913, "reference_source": "MOIS Flood Trace Map 2002-2022"}}, {"type": "Feature", "geometry": {"type": "Point", "coordinates": [128.83013243475088, 35.20362634267646]}, "properties": {"objectid": 7071, "fldn_area": 727038, "fldn_grade": 4, "fldn_yr": 2009, "stdg_ctpv_cd": 48, "fldn_dst_nm": "2009년7월집중호우", "fldn_cs_dtl_nm": "월류(집중호우)", "reference_score": 53.986942, "reference_source": "MOIS Flood Trace Map 2002-2022"}}, {"type": "Feature", "geometry": {"type": "Point", "coordinates": [127.74624933615608, 34.97546295520238]}, "properties": {"objectid": 8487, "fldn_area": 48822, "fldn_grade": 5, "fldn_yr": 2011, "stdg_ctpv_cd": 46, "fldn_dst_nm": "2011년 집중호우", "fldn_cs_dtl_nm": "집중호우로 인한 침수", "reference_score": 53.979784, "reference_source": "MOIS Flood Trace Map 2002-2022"}}, {"type": "Feature", "geometry": {"type": "Point", "coordinates": [128.8310091373568, 35.23456965599365]}, "properties": {"objectid": 7163, "fldn_area": 702546, "fldn_grade": 4, "fldn_yr": 2009, "stdg_ctpv_cd": 48, "fldn_dst_nm": "2009년7월집중호우", "fldn_cs_dtl_nm": "제방파괴 및 월류(집중호우)", "reference_score": 53.84987, "reference_source": "MOIS Flood Trace Map 2002-2022"}}, {"type": "Feature", "geometry": {"type": "Point", "coordinates": [126.88854892165347, 35.00023820770748]}, "properties": {"objectid": 5324, "fldn_area": 661776, "fldn_grade": 4, "fldn_yr": 2009, "stdg_ctpv_cd": 46, "fldn_dst_nm": "집중호우", "fldn_cs_dtl_nm": "집중호우", "reference_score": 53.610736, "reference_source": "MOIS Flood Trace Map 2002-2022"}}, {"type": "Feature", "geometry": {"type": "Point", "coordinates": [129.11422169205883, 35.113938391698085]}, "properties": {"objectid": 6213, "fldn_area": 650044, "fldn_grade": 4, "fldn_yr": 2011, "stdg_ctpv_cd": 26, "fldn_dst_nm": "용호지구", "fldn_cs_dtl_nm": "집중호우에의한주택침수", "reference_score": 53.539187, "reference_source": "MOIS Flood Trace Map 2002-2022"}}, {"type": "Feature", "geometry": {"type": "Point", "coordinates": [129.37499458291225, 36.116263023745844]}, "properties": {"objectid": 16995, "fldn_area": 604796, "fldn_grade": 4, "fldn_yr": 2019, "stdg_ctpv_cd": 47, "fldn_dst_nm": "제17호태풍타파", "fldn_cs_dtl_nm": "국지성집중호우", "reference_score": 53.250593, "reference_source": "MOIS Flood Trace Map 2002-2022"}}, {"type": "Feature", "geometry": {"type": "Point", "coordinates": [129.31114148003115, 35.48854669980954]}, "properties": {"objectid": 12274, "fldn_area": 41720, "fldn_grade": 5, "fldn_yr": 2016, "stdg_ctpv_cd": 31, "fldn_dst_nm": "태풍'차바'", "fldn_cs_dtl_nm": "집중호우", "reference_score": 53.193799, "reference_source": "MOIS Flood Trace Map 2002-2022"}}, {"type": "Feature", "geometry": {"type": "Point", "coordinates": [127.26565071689181, 37.41463576418365]}, "properties": {"objectid": 6111, "fldn_area": 41479, "fldn_grade": 5, "fldn_yr": 2011, "stdg_ctpv_cd": 41, "fldn_dst_nm": "침수", "fldn_cs_dtl_nm": "집중호우에 의한 침수", "reference_score": 53.164833, "reference_source": "MOIS Flood Trace Map 2002-2022"}}, {"type": "Feature", "geometry": {"type": "Point", "coordinates": [129.41340089749798, 35.649946035322]}, "properties": {"objectid": 13148, "fldn_area": 590826, "fldn_grade": 4, "fldn_yr": 2016, "stdg_ctpv_cd": 31, "fldn_dst_nm": "태풍'차바'", "fldn_cs_dtl_nm": "집중호우", "reference_score": 53.157114, "reference_source": "MOIS Flood Trace Map 2002-2022"}}, {"type": "Feature", "geometry": {"type": "Point", "coordinates": [126.6227176165841, 37.63627626625948]}, "properties": {"objectid": 4139, "fldn_area": 39541, "fldn_grade": 5, "fldn_yr": 2008, "stdg_ctpv_cd": 41, "fldn_dst_nm": "수해(집중호우에 의한 농경지 침수)", "fldn_cs_dtl_nm": "저지대 농경지로 배수로 미정비 노후화로 용량이 부족하며 현재 김포한강", "reference_score": 52.925593, "reference_source": "MOIS Flood Trace Map 2002-2022"}}, {"type": "Feature", "geometry": {"type": "Point", "coordinates": [128.7681947765424, 35.37349043724316]}, "properties": {"objectid": 17049, "fldn_area": 551688, "fldn_grade": 4, "fldn_yr": 2019, "stdg_ctpv_cd": 48, "fldn_dst_nm": "태풍 미탁에 의한 침수", "fldn_cs_dtl_nm": "태풍 미탁에 따른 침수", "reference_score": 52.882959, "reference_source": "MOIS Flood Trace Map 2002-2022"}}, {"type": "Feature", "geometry": {"type": "Point", "coordinates": [128.07245298274736, 37.48577673416324]}, "properties": {"objectid": 10715, "fldn_area": 37508, "fldn_grade": 5, "fldn_yr": 2013, "stdg_ctpv_cd": 42, "fldn_dst_nm": "2013.7.11~15.집중호우", "fldn_cs_dtl_nm": "하천범람 및 내수침수", "reference_score": 52.661681, "reference_source": "MOIS Flood Trace Map 2002-2022"}}, {"type": "Feature", "geometry": {"type": "Point", "coordinates": [126.60289924620723, 33.308599743594215]}, "properties": {"objectid": 12331, "fldn_area": 6373, "fldn_grade": 6, "fldn_yr": 2016, "stdg_ctpv_cd": 50, "fldn_dst_nm": "제18호태풍(차바)", "fldn_cs_dtl_nm": "제18호태풍(차바)", "reference_score": 52.559895, "reference_source": "MOIS Flood Trace Map 2002-2022"}}, {"type": "Feature", "geometry": {"type": "Point", "coordinates": [127.14167486499984, 34.818024229032474]}, "properties": {"objectid": 13112, "fldn_area": 35829, "fldn_grade": 5, "fldn_yr": 2014, "stdg_ctpv_cd": 46, "fldn_dst_nm": "2014년 집중호우", "fldn_cs_dtl_nm": "집중호우", "reference_score": 52.432704, "reference_source": "MOIS Flood Trace Map 2002-2022"}}, {"type": "Feature", "geometry": {"type": "Point", "coordinates": [127.02968949143194, 37.10000938321113]}, "properties": {"objectid": 382, "fldn_area": 488476, "fldn_grade": 4, "fldn_yr": 2006, "stdg_ctpv_cd": 41, "fldn_dst_nm": "2006. 태풍 에위니아 및 집중호우", "fldn_cs_dtl_nm": "집중호우에 따른 우수유입에 의한 침수", "reference_score": 52.396191, "reference_source": "MOIS Flood Trace Map 2002-2022"}}, {"type": "Feature", "geometry": {"type": "Point", "coordinates": [128.64670991015385, 35.238471272921956]}, "properties": {"objectid": 12435, "fldn_area": 488336, "fldn_grade": 4, "fldn_yr": 2016, "stdg_ctpv_cd": 48, "fldn_dst_nm": "제8호 태풍 \"차바\"", "fldn_cs_dtl_nm": "집중호우로 인한 해수면 만조와 겹쳐 하천범람", "reference_score": 52.395044, "reference_source": "MOIS Flood Trace Map 2002-2022"}}, {"type": "Feature", "geometry": {"type": "Point", "coordinates": [127.44719318770906, 37.229926728628044]}, "properties": {"objectid": 5385, "fldn_area": 476330, "fldn_grade": 4, "fldn_yr": 2009, "stdg_ctpv_cd": 41, "fldn_dst_nm": "집중호우", "fldn_cs_dtl_nm": "하천범람 및 우수유입", "reference_score": 52.295473, "reference_source": "MOIS Flood Trace Map 2002-2022"}}, {"type": "Feature", "geometry": {"type": "Point", "coordinates": [128.01854013271506, 35.1214309823229]}, "properties": {"objectid": 22721, "fldn_area": 5996, "fldn_grade": 6, "fldn_yr": 2020, "stdg_ctpv_cd": 48, "fldn_dst_nm": "집중호우", "fldn_cs_dtl_nm": "남강댐 방류에 따른 하천 범람", "reference_score": 52.194088, "reference_source": "MOIS Flood Trace Map 2002-2022"}}, {"type": "Feature", "geometry": {"type": "Point", "coordinates": [127.27328806932925, 35.06117718961493]}, "properties": {"objectid": 12965, "fldn_area": 33723, "fldn_grade": 5, "fldn_yr": 2014, "stdg_ctpv_cd": 46, "fldn_dst_nm": "2014년 집중호우", "fldn_cs_dtl_nm": "집중호우로 주택 및 농경지 침수", "reference_score": 52.129825, "reference_source": "MOIS Flood Trace Map 2002-2022"}}, {"type": "Feature", "geometry": {"type": "Point", "coordinates": [126.80528093307439, 37.42294428205785]}, "properties": {"objectid": 6481, "fldn_area": 31774, "fldn_grade": 5, "fldn_yr": 2011, "stdg_ctpv_cd": 41, "fldn_dst_nm": "집중호우", "fldn_cs_dtl_nm": "집중호우", "reference_score": 51.832175, "reference_source": "MOIS Flood Trace Map 2002-2022"}}, {"type": "Feature", "geometry": {"type": "Point", "coordinates": [129.18553998970523, 37.41850165624488]}, "properties": {"objectid": 19932, "fldn_area": 31411, "fldn_grade": 5, "fldn_yr": 2020, "stdg_ctpv_cd": 42, "fldn_dst_nm": "2020.09.03~09.07 태풍으로 인한 집중호우", "fldn_cs_dtl_nm": "저지대침수", "reference_score": 51.774726, "reference_source": "MOIS Flood Trace Map 2002-2022"}}, {"type": "Feature", "geometry": {"type": "Point", "coordinates": [128.0508988450351, 37.09904976716217]}, "properties": {"objectid": 19407, "fldn_area": 31223, "fldn_grade": 5, "fldn_yr": 2020, "stdg_ctpv_cd": 43, "fldn_dst_nm": "2020년08월02일 집중호우", "fldn_cs_dtl_nm": null, "reference_score": 51.744712, "reference_source": "MOIS Flood Trace Map 2002-2022"}}, {"type": "Feature", "geometry": {"type": "Point", "coordinates": [127.64266342316479, 37.69035025118439]}, "properties": {"objectid": 33859, "fldn_area": 5548, "fldn_grade": 6, "fldn_yr": 2022, "stdg_ctpv_cd": 42, "fldn_dst_nm": "8.8~8.17 집중호우", "fldn_cs_dtl_nm": "저지대 침수", "reference_score": 51.728238, "reference_source": "MOIS Flood Trace Map 2002-2022"}}, {"type": "Feature", "geometry": {"type": "Point", "coordinates": [127.15922075724853, 37.6275580349397]}, "properties": {"objectid": 653, "fldn_area": 411281, "fldn_grade": 4, "fldn_yr": 2006, "stdg_ctpv_cd": 41, "fldn_dst_nm": "집중호우 및 태풍“에위니아”에 의", "fldn_cs_dtl_nm": "집중호우로 인한 침수", "reference_score": 51.708138, "reference_source": "MOIS Flood Trace Map 2002-2022"}}, {"type": "Feature", "geometry": {"type": "Point", "coordinates": [127.80080256035916, 37.70704192035889]}, "properties": {"objectid": 4841, "fldn_area": 30700, "fldn_grade": 5, "fldn_yr": 2009, "stdg_ctpv_cd": 42, "fldn_dst_nm": "집중호우", "fldn_cs_dtl_nm": "홍천강수위상승 굴지천 역류", "reference_score": 51.660253, "reference_source": "MOIS Flood Trace Map 2002-2022"}}, {"type": "Feature", "geometry": {"type": "Point", "coordinates": [127.34880016890388, 36.65324865540357]}, "properties": {"objectid": 15497, "fldn_area": 29912, "fldn_grade": 5, "fldn_yr": 2017, "stdg_ctpv_cd": 43, "fldn_dst_nm": "2017년7월16일중부재해", "fldn_cs_dtl_nm": "집중호우로 하천범람하여 내부침수", "reference_score": 51.530242, "reference_source": "MOIS Flood Trace Map 2002-2022"}}, {"type": "Feature", "geometry": {"type": "Point", "coordinates": [128.1309192772328, 37.12847242110228]}, "properties": {"objectid": 20797, "fldn_area": 29784, "fldn_grade": 5, "fldn_yr": 2020, "stdg_ctpv_cd": 43, "fldn_dst_nm": "2020년 8월 집중호우", "fldn_cs_dtl_nm": "집중호우에 의한 하천 범람", "reference_score": 51.508801, "reference_source": "MOIS Flood Trace Map 2002-2022"}}, {"type": "Feature", "geometry": {"type": "Point", "coordinates": [129.15589930183825, 35.8207145736877]}, "properties": {"objectid": 8882, "fldn_area": 29593, "fldn_grade": 5, "fldn_yr": 2012, "stdg_ctpv_cd": 47, "fldn_dst_nm": "제16호태풍(산바)", "fldn_cs_dtl_nm": "배수관 협소로인한 침수", "reference_score": 51.476635, "reference_source": "MOIS Flood Trace Map 2002-2022"}}, {"type": "Feature", "geometry": {"type": "Point", "coordinates": [126.95311566647013, 35.03765996426733]}, "properties": {"objectid": 5090, "fldn_area": 383836, "fldn_grade": 4, "fldn_yr": 2009, "stdg_ctpv_cd": 46, "fldn_dst_nm": "집중호우", "fldn_cs_dtl_nm": "집중호우", "reference_score": 51.431893, "reference_source": "MOIS Flood Trace Map 2002-2022"}}, {"type": "Feature", "geometry": {"type": "Point", "coordinates": [128.1918320640043, 37.636049645391566]}, "properties": {"objectid": 2555, "fldn_area": 5243, "fldn_grade": 6, "fldn_yr": 2006, "stdg_ctpv_cd": 42, "fldn_dst_nm": "집중호우로 인한 침수", "fldn_cs_dtl_nm": "우수유입에 의한 농경지 침수", "reference_score": 51.389039, "reference_source": "MOIS Flood Trace Map 2002-2022"}}, {"type": "Feature", "geometry": {"type": "Point", "coordinates": [127.09537146664641, 37.0948455211786]}, "properties": {"objectid": 381, "fldn_area": 331660, "fldn_grade": 4, "fldn_yr": 2006, "stdg_ctpv_cd": 41, "fldn_dst_nm": "2006. 태풍 에위니아 및 집중호우", "fldn_cs_dtl_nm": "집중호우로 우수유입에 의한 침수", "reference_score": 50.847475, "reference_source": "MOIS Flood Trace Map 2002-2022"}}, {"type": "Feature", "geometry": {"type": "Point", "coordinates": [128.02482086194377, 37.54799524126939]}, "properties": {"objectid": 2685, "fldn_area": 25427, "fldn_grade": 5, "fldn_yr": 2006, "stdg_ctpv_cd": 42, "fldn_dst_nm": "집중호우로 인한 침수", "fldn_cs_dtl_nm": "우수유입에 의한 농경지 침수", "reference_score": 50.718031, "reference_source": "MOIS Flood Trace Map 2002-2022"}}, {"type": "Feature", "geometry": {"type": "Point", "coordinates": [126.21169967972344, 33.2784850826028]}, "properties": {"objectid": 4728, "fldn_area": 313797, "fldn_grade": 4, "fldn_yr": 2006, "stdg_ctpv_cd": 50, "fldn_dst_nm": "6.30 집중호우 및 제 3호 테풍 에위니아", "fldn_cs_dtl_nm": "농경지 매몰 및 침수", "reference_score": 50.626019, "reference_source": "MOIS Flood Trace Map 2002-2022"}}, {"type": "Feature", "geometry": {"type": "Point", "coordinates": [127.11782308087388, 34.45596304910467]}, "properties": {"objectid": 4695, "fldn_area": 307519, "fldn_grade": 4, "fldn_yr": 2007, "stdg_ctpv_cd": 46, "fldn_dst_nm": "집중호우 및 제11호 태풍“나리”피해", "fldn_cs_dtl_nm": "집중호우와 하천의 범람", "reference_score": 50.545182, "reference_source": "MOIS Flood Trace Map 2002-2022"}}, {"type": "Feature", "geometry": {"type": "Point", "coordinates": [128.87599174790896, 37.01057983417824]}, "properties": {"objectid": 5355, "fldn_area": 307379, "fldn_grade": 4, "fldn_yr": 2008, "stdg_ctpv_cd": 47, "fldn_dst_nm": "2008년도  집중호우", "fldn_cs_dtl_nm": "집중호우로 인하여 급격히 늘어난 우수와 산사태로 운곡천의 수위상승으로", "reference_score": 50.54336, "reference_source": "MOIS Flood Trace Map 2002-2022"}}, {"type": "Feature", "geometry": {"type": "Point", "coordinates": [126.959550872514, 36.00408623341376]}, "properties": {"objectid": 9237, "fldn_area": 305974, "fldn_grade": 4, "fldn_yr": 2012, "stdg_ctpv_cd": 45, "fldn_dst_nm": "2012년 국지성 집중호우", "fldn_cs_dtl_nm": "탑천과 기양천의 범람", "reference_score": 50.525035, "reference_source": "MOIS Flood Trace Map 2002-2022"}}, {"type": "Feature", "geometry": {"type": "Point", "coordinates": [128.43194163201062, 37.78760386095898]}, "properties": {"objectid": 16113, "fldn_area": 4504, "fldn_grade": 6, "fldn_yr": 2018, "stdg_ctpv_cd": 42, "fldn_dst_nm": "2017년 국지성 집중호우", "fldn_cs_dtl_nm": "집중호우에 의한 하천 범람", "reference_score": 50.477659, "reference_source": "MOIS Flood Trace Map 2002-2022"}}, {"type": "Feature", "geometry": {"type": "Point", "coordinates": [127.40648692325396, 37.30063908241051]}, "properties": {"objectid": 9707, "fldn_area": 24044, "fldn_grade": 5, "fldn_yr": 2013, "stdg_ctpv_cd": 41, "fldn_dst_nm": "2013년 국지성 집중호우", "fldn_cs_dtl_nm": "국지성 집중호우에 의한 침수", "reference_score": 50.438412, "reference_source": "MOIS Flood Trace Map 2002-2022"}}, {"type": "Feature", "geometry": {"type": "Point", "coordinates": [126.50617022141438, 37.75209140506508]}, "properties": {"objectid": 7333, "fldn_area": 23971, "fldn_grade": 5, "fldn_yr": 2010, "stdg_ctpv_cd": 28, "fldn_dst_nm": "집중호우", "fldn_cs_dtl_nm": "지역적 집중호우", "reference_score": 50.423209, "reference_source": "MOIS Flood Trace Map 2002-2022"}}, {"type": "Feature", "geometry": {"type": "Point", "coordinates": [126.67427165963119, 35.41086610909237]}, "properties": {"objectid": 8018, "fldn_area": 295172, "fldn_grade": 4, "fldn_yr": 2011, "stdg_ctpv_cd": 45, "fldn_dst_nm": "집중호우", "fldn_cs_dtl_nm": "집중호우", "reference_score": 50.381268, "reference_source": "MOIS Flood Trace Map 2002-2022"}}, {"type": "Feature", "geometry": {"type": "Point", "coordinates": [127.42363708856331, 35.18350052942541]}, "properties": {"objectid": 22360, "fldn_area": 23386, "fldn_grade": 5, "fldn_yr": 2020, "stdg_ctpv_cd": 46, "fldn_dst_nm": "집중호우", "fldn_cs_dtl_nm": "집중호우 및 하천범람", "reference_score": 50.299678, "reference_source": "MOIS Flood Trace Map 2002-2022"}}, {"type": "Feature", "geometry": {"type": "Point", "coordinates": [127.50749033622647, 37.288786618769485]}, "properties": {"objectid": 5406, "fldn_area": 287902, "fldn_grade": 4, "fldn_yr": 2009, "stdg_ctpv_cd": 41, "fldn_dst_nm": "집중호우", "fldn_cs_dtl_nm": "하천범람", "reference_score": 50.281516, "reference_source": "MOIS Flood Trace Map 2002-2022"}}, {"type": "Feature", "geometry": {"type": "Point", "coordinates": [126.53889928549748, 34.73489186497228]}, "properties": {"objectid": 7117, "fldn_area": 287036, "fldn_grade": 4, "fldn_yr": 2009, "stdg_ctpv_cd": 46, "fldn_dst_nm": "집중호우", "fldn_cs_dtl_nm": "집중호우로 인한 농경지침수", "reference_score": 50.269466, "reference_source": "MOIS Flood Trace Map 2002-2022"}}, {"type": "Feature", "geometry": {"type": "Point", "coordinates": [128.2903347389509, 35.74781141054909]}, "properties": {"objectid": 10849, "fldn_area": 285135, "fldn_grade": 4, "fldn_yr": 2012, "stdg_ctpv_cd": 47, "fldn_dst_nm": "운수면 운산지구", "fldn_cs_dtl_nm": "집중호우로 인한 내수불량", "reference_score": 50.242886, "reference_source": "MOIS Flood Trace Map 2002-2022"}}, {"type": "Feature", "geometry": {"type": "Point", "coordinates": [126.46871779163233, 33.241181839775216]}, "properties": {"objectid": 4339, "fldn_area": 278978, "fldn_grade": 4, "fldn_yr": 2007, "stdg_ctpv_cd": 50, "fldn_dst_nm": "태풍나리 및 집중호우", "fldn_cs_dtl_nm": "상류 우수유입에 따른 침수", "reference_score": 50.155567, "reference_source": "MOIS Flood Trace Map 2002-2022"}}, {"type": "Feature", "geometry": {"type": "Point", "coordinates": [129.37910581997048, 36.958696087433985]}, "properties": {"objectid": 17263, "fldn_area": 21640, "fldn_grade": 5, "fldn_yr": 2019, "stdg_ctpv_cd": 47, "fldn_dst_nm": "제18호 태풍 미탁", "fldn_cs_dtl_nm": "국지성 호우로 인한 하천범람", "reference_score": 49.911725, "reference_source": "MOIS Flood Trace Map 2002-2022"}}, {"type": "Feature", "geometry": {"type": "Point", "coordinates": [127.59286722511385, 36.630586121164335]}, "properties": {"objectid": 14266, "fldn_area": 21361, "fldn_grade": 5, "fldn_yr": 2017, "stdg_ctpv_cd": 43, "fldn_dst_nm": "2017년7월16일 중부재해", "fldn_cs_dtl_nm": "하천범람 및 내수침수", "reference_score": 49.846845, "reference_source": "MOIS Flood Trace Map 2002-2022"}}, {"type": "Feature", "geometry": {"type": "Point", "coordinates": [127.26965454890295, 36.75776248860361]}, "properties": {"objectid": 20608, "fldn_area": 255690, "fldn_grade": 4, "fldn_yr": 2020, "stdg_ctpv_cd": 44, "fldn_dst_nm": "20200803집중호우", "fldn_cs_dtl_nm": "하천수위 상승(월류)", "reference_score": 49.8069, "reference_source": "MOIS Flood Trace Map 2002-2022"}}, {"type": "Feature", "geometry": {"type": "Point", "coordinates": [129.4132555796288, 36.63998008714303]}, "properties": {"objectid": 17290, "fldn_area": 21128, "fldn_grade": 5, "fldn_yr": 2019, "stdg_ctpv_cd": 47, "fldn_dst_nm": "제18호 태풍 콩레이", "fldn_cs_dtl_nm": "하천범람 및 내수침수", "reference_score": 49.792009, "reference_source": "MOIS Flood Trace Map 2002-2022"}}, {"type": "Feature", "geometry": {"type": "Point", "coordinates": [128.7447483555775, 35.379904257466656]}, "properties": {"objectid": 26674, "fldn_area": 253851, "fldn_grade": 4, "fldn_yr": 2021, "stdg_ctpv_cd": 48, "fldn_dst_nm": "2021.07.05. ~ 07.08. 호우주의보", "fldn_cs_dtl_nm": "우수량의 급증으로인한 배수불량 내수침수", "reference_score": 49.778027, "reference_source": "MOIS Flood Trace Map 2002-2022"}}, {"type": "Feature", "geometry": {"type": "Point", "coordinates": [127.76583894367786, 35.05791079238129]}, "properties": {"objectid": 24032, "fldn_area": 20636, "fldn_grade": 5, "fldn_yr": 2020, "stdg_ctpv_cd": 48, "fldn_dst_nm": "8.7~8.8 호우", "fldn_cs_dtl_nm": "집중호우로 인한 침수", "reference_score": 49.674204, "reference_source": "MOIS Flood Trace Map 2002-2022"}}, {"type": "Feature", "geometry": {"type": "Point", "coordinates": [127.64038707295725, 36.27081971278733]}, "properties": {"objectid": 20697, "fldn_area": 246988, "fldn_grade": 4, "fldn_yr": 2020, "stdg_ctpv_cd": 43, "fldn_dst_nm": "국지성 집중호우", "fldn_cs_dtl_nm": "국지성 집중호우", "reference_score": 49.668396, "reference_source": "MOIS Flood Trace Map 2002-2022"}}, {"type": "Feature", "geometry": {"type": "Point", "coordinates": [127.87783490857831, 35.4217640774782]}, "properties": {"objectid": 9924, "fldn_area": 19965, "fldn_grade": 5, "fldn_yr": 2012, "stdg_ctpv_cd": 48, "fldn_dst_nm": "태풍'산바'", "fldn_cs_dtl_nm": "집중호우로 의한 하천범람", "reference_score": 49.508931, "reference_source": "MOIS Flood Trace Map 2002-2022"}}, {"type": "Feature", "geometry": {"type": "Point", "coordinates": [126.67933769566827, 34.814794567303196]}, "properties": {"objectid": 7040, "fldn_area": 235314, "fldn_grade": 4, "fldn_yr": 2009, "stdg_ctpv_cd": 46, "fldn_dst_nm": "집중호우", "fldn_cs_dtl_nm": "집중호우로 인한 농경지침수", "reference_score": 49.474721, "reference_source": "MOIS Flood Trace Map 2002-2022"}}, {"type": "Feature", "geometry": {"type": "Point", "coordinates": [126.96846359055813, 34.966238689705726]}, "properties": {"objectid": 13113, "fldn_area": 220055, "fldn_grade": 4, "fldn_yr": 2014, "stdg_ctpv_cd": 46, "fldn_dst_nm": "2014년7월19일 집중호우", "fldn_cs_dtl_nm": "집중호우침수", "reference_score": 49.206549, "reference_source": "MOIS Flood Trace Map 2002-2022"}}, {"type": "Feature", "geometry": {"type": "Point", "coordinates": [127.91713112951659, 37.42618787058272]}, "properties": {"objectid": 33056, "fldn_area": 3508, "fldn_grade": 6, "fldn_yr": 2022, "stdg_ctpv_cd": 42, "fldn_dst_nm": "집중호우", "fldn_cs_dtl_nm": "국지성 집중호우", "reference_score": 48.978518, "reference_source": "MOIS Flood Trace Map 2002-2022"}}, {"type": "Feature", "geometry": {"type": "Point", "coordinates": [129.26952136218043, 37.30969881220924]}, "properties": {"objectid": 17527, "fldn_area": 17092, "fldn_grade": 5, "fldn_yr": 2019, "stdg_ctpv_cd": 42, "fldn_dst_nm": "2019년 제18호 태풍 미탁에 의한 침수", "fldn_cs_dtl_nm": "집중호우에 따른 내수침수", "reference_score": 48.732122, "reference_source": "MOIS Flood Trace Map 2002-2022"}}, {"type": "Feature", "geometry": {"type": "Point", "coordinates": [127.15351280978199, 37.62370706398671]}, "properties": {"objectid": 512, "fldn_area": 186806, "fldn_grade": 4, "fldn_yr": 2006, "stdg_ctpv_cd": 41, "fldn_dst_nm": "집중호우 및 태풍“에위니아”에 의", "fldn_cs_dtl_nm": "집중호우로 인한 침수", "reference_score": 48.551325, "reference_source": "MOIS Flood Trace Map 2002-2022"}}, {"type": "Feature", "geometry": {"type": "Point", "coordinates": [127.54825015172861, 36.727104050629116]}, "properties": {"objectid": 15040, "fldn_area": 183280, "fldn_grade": 4, "fldn_yr": 2017, "stdg_ctpv_cd": 43, "fldn_dst_nm": "2017년7월16일중부재해", "fldn_cs_dtl_nm": "집중호우로 하천범람 및 내부침수", "reference_score": 48.475103, "reference_source": "MOIS Flood Trace Map 2002-2022"}}, {"type": "Feature", "geometry": {"type": "Point", "coordinates": [127.05827950526243, 36.8213971810728]}, "properties": {"objectid": 12843, "fldn_area": 15954, "fldn_grade": 5, "fldn_yr": 2014, "stdg_ctpv_cd": 44, "fldn_dst_nm": "2014년07월 집중호우", "fldn_cs_dtl_nm": "집중호우로 유수량 배출불가", "reference_score": 48.387638, "reference_source": "MOIS Flood Trace Map 2002-2022"}}, {"type": "Feature", "geometry": {"type": "Point", "coordinates": [127.5583371586757, 36.65292816995636]}, "properties": {"objectid": 14288, "fldn_area": 15898, "fldn_grade": 5, "fldn_yr": 2017, "stdg_ctpv_cd": 43, "fldn_dst_nm": "2017년7월16일 중부재해", "fldn_cs_dtl_nm": "하천에 쌓인 모래로 인한 범람", "reference_score": 48.370057, "reference_source": "MOIS Flood Trace Map 2002-2022"}}, {"type": "Feature", "geometry": {"type": "Point", "coordinates": [128.91462485220927, 37.724821984662704]}, "properties": {"objectid": 18650, "fldn_area": 174720, "fldn_grade": 4, "fldn_yr": 2019, "stdg_ctpv_cd": 42, "fldn_dst_nm": "제18호 태풍 미탁", "fldn_cs_dtl_nm": "저지대침수", "reference_score": 48.283783, "reference_source": "MOIS Flood Trace Map 2002-2022"}}, {"type": "Feature", "geometry": {"type": "Point", "coordinates": [127.04747973489347, 37.775314328277375]}, "properties": {"objectid": 2312, "fldn_area": 164581, "fldn_grade": 4, "fldn_yr": 2006, "stdg_ctpv_cd": 41, "fldn_dst_nm": "제3호 에위니아 태풍 및 집중호우", "fldn_cs_dtl_nm": "집중호우", "reference_score": 48.044657, "reference_source": "MOIS Flood Trace Map 2002-2022"}}, {"type": "Feature", "geometry": {"type": "Point", "coordinates": [127.04584288756728, 37.77401067715772]}, "properties": {"objectid": 1895, "fldn_area": 164581, "fldn_grade": 4, "fldn_yr": 2006, "stdg_ctpv_cd": 41, "fldn_dst_nm": "제3호 에위니아 태풍 및 집중호우", "fldn_cs_dtl_nm": "집중호우", "reference_score": 48.044657, "reference_source": "MOIS Flood Trace Map 2002-2022"}}, {"type": "Feature", "geometry": {"type": "Point", "coordinates": [127.03951770099502, 36.109993903961495]}, "properties": {"objectid": 12852, "fldn_area": 163993, "fldn_grade": 4, "fldn_yr": 2014, "stdg_ctpv_cd": 45, "fldn_dst_nm": "2014.8.25 집중호우", "fldn_cs_dtl_nm": "집중호우로 인한 농경지 침수", "reference_score": 48.03034, "reference_source": "MOIS Flood Trace Map 2002-2022"}}, {"type": "Feature", "geometry": {"type": "Point", "coordinates": [128.03521738895847, 37.13569204625376]}, "properties": {"objectid": 20889, "fldn_area": 14744, "fldn_grade": 5, "fldn_yr": 2020, "stdg_ctpv_cd": 43, "fldn_dst_nm": "2020년 8월 집중호우", "fldn_cs_dtl_nm": "집중호우에 의한 하천 범람", "reference_score": 47.993297, "reference_source": "MOIS Flood Trace Map 2002-2022"}}, {"type": "Feature", "geometry": {"type": "Point", "coordinates": [127.37934966010613, 36.56090240620871]}, "properties": {"objectid": 14011, "fldn_area": 14420, "fldn_grade": 5, "fldn_yr": 2017, "stdg_ctpv_cd": 43, "fldn_dst_nm": "2017년7월16일 호우", "fldn_cs_dtl_nm": "집중호우에 의한 하우스시설등 침수", "reference_score": 47.882204, "reference_source": "MOIS Flood Trace Map 2002-2022"}}, {"type": "Feature", "geometry": {"type": "Point", "coordinates": [128.19360666492327, 37.10479016448164]}, "properties": {"objectid": 19245, "fldn_area": 14178, "fldn_grade": 5, "fldn_yr": 2020, "stdg_ctpv_cd": 43, "fldn_dst_nm": "2020년 8월 집중호우", "fldn_cs_dtl_nm": "집중호우에 의한 하천 범람", "reference_score": 47.797586, "reference_source": "MOIS Flood Trace Map 2002-2022"}}, {"type": "Feature", "geometry": {"type": "Point", "coordinates": [127.59979209769492, 36.78742802357115]}, "properties": {"objectid": 16404, "fldn_area": 152797, "fldn_grade": 4, "fldn_yr": 2018, "stdg_ctpv_cd": 43, "fldn_dst_nm": "2017년 7월 16일 집중호우", "fldn_cs_dtl_nm": "집중호우에 따른 월류", "reference_score": 47.747488, "reference_source": "MOIS Flood Trace Map 2002-2022"}}, {"type": "Feature", "geometry": {"type": "Point", "coordinates": [127.22737097549437, 35.40794078394305]}, "properties": {"objectid": 11840, "fldn_area": 150949, "fldn_grade": 4, "fldn_yr": 2013, "stdg_ctpv_cd": 45, "fldn_dst_nm": "2013년 집중호우에 의한 침수", "fldn_cs_dtl_nm": "집중호우", "reference_score": 47.698816, "reference_source": "MOIS Flood Trace Map 2002-2022"}}, {"type": "Feature", "geometry": {"type": "Point", "coordinates": [127.67513555589538, 34.93420599614492]}, "properties": {"objectid": 6671, "fldn_area": 146757, "fldn_grade": 4, "fldn_yr": 2010, "stdg_ctpv_cd": 46, "fldn_dst_nm": "집중호우", "fldn_cs_dtl_nm": "집중호우로 인한 농경지침수", "reference_score": 47.586161, "reference_source": "MOIS Flood Trace Map 2002-2022"}}, {"type": "Feature", "geometry": {"type": "Point", "coordinates": [127.59643549250647, 37.430846872114884]}, "properties": {"objectid": 4790, "fldn_area": 13070, "fldn_grade": 5, "fldn_yr": 2011, "stdg_ctpv_cd": 41, "fldn_dst_nm": "2011년 집중호우", "fldn_cs_dtl_nm": "집중호우로인한 하천범람", "reference_score": 47.390757, "reference_source": "MOIS Flood Trace Map 2002-2022"}}, {"type": "Feature", "geometry": {"type": "Point", "coordinates": [128.34535028505337, 37.60934633129417]}, "properties": {"objectid": 11836, "fldn_area": 12918, "fldn_grade": 5, "fldn_yr": 2013, "stdg_ctpv_cd": 42, "fldn_dst_nm": "무이리 집중호우", "fldn_cs_dtl_nm": "집중호우", "reference_score": 47.332272, "reference_source": "MOIS Flood Trace Map 2002-2022"}}, {"type": "Feature", "geometry": {"type": "Point", "coordinates": [126.73553952038556, 35.22739275851936]}, "properties": {"objectid": 18691, "fldn_area": 135006, "fldn_grade": 4, "fldn_yr": 2020, "stdg_ctpv_cd": 29, "fldn_dst_nm": "2020년 집중호우", "fldn_cs_dtl_nm": "집중호우", "reference_score": 47.252328, "reference_source": "MOIS Flood Trace Map 2002-2022"}}, {"type": "Feature", "geometry": {"type": "Point", "coordinates": [127.9266748720712, 37.72185683768646]}, "properties": {"objectid": 1092, "fldn_area": 2629, "fldn_grade": 6, "fldn_yr": 2006, "stdg_ctpv_cd": 42, "fldn_dst_nm": "집중 호우에 의한 침수", "fldn_cs_dtl_nm": "하천범람(제방없음)", "reference_score": 47.248435, "reference_source": "MOIS Flood Trace Map 2002-2022"}}, {"type": "Feature", "geometry": {"type": "Point", "coordinates": [129.34069042427242, 37.16063483003504]}, "properties": {"objectid": 18602, "fldn_area": 131031, "fldn_grade": 4, "fldn_yr": 2019, "stdg_ctpv_cd": 42, "fldn_dst_nm": "제18호태풍미탁", "fldn_cs_dtl_nm": "집중호우에 따른 내수침수", "reference_score": 47.132787, "reference_source": "MOIS Flood Trace Map 2002-2022"}}, {"type": "Feature", "geometry": {"type": "Point", "coordinates": [126.9331419746514, 36.37048110009913]}, "properties": {"objectid": 33828, "fldn_area": 2563, "fldn_grade": 6, "fldn_yr": 2022, "stdg_ctpv_cd": 44, "fldn_dst_nm": "8.8.~8.17.호우", "fldn_cs_dtl_nm": "집중호우에 의한 침수", "reference_score": 47.095943, "reference_source": "MOIS Flood Trace Map 2002-2022"}}, {"type": "Feature", "geometry": {"type": "Point", "coordinates": [129.1970062551855, 35.838748520570924]}, "properties": {"objectid": 8850, "fldn_area": 124787, "fldn_grade": 4, "fldn_yr": 2012, "stdg_ctpv_cd": 47, "fldn_dst_nm": "제16호태풍(산바)", "fldn_cs_dtl_nm": "저지대로 집중호우에의한 침수", "reference_score": 46.937486, "reference_source": "MOIS Flood Trace Map 2002-2022"}}, {"type": "Feature", "geometry": {"type": "Point", "coordinates": [127.1829800078605, 37.61619739275128]}, "properties": {"objectid": 509, "fldn_area": 123479, "fldn_grade": 4, "fldn_yr": 2006, "stdg_ctpv_cd": 41, "fldn_dst_nm": "집중호우 및 태풍“에위니아”에 의", "fldn_cs_dtl_nm": "집중호우로 인한 침수", "reference_score": 46.895338, "reference_source": "MOIS Flood Trace Map 2002-2022"}}, {"type": "Feature", "geometry": {"type": "Point", "coordinates": [126.49151468302476, 33.239040021277795]}, "properties": {"objectid": 4356, "fldn_area": 121364, "fldn_grade": 4, "fldn_yr": 2007, "stdg_ctpv_cd": 50, "fldn_dst_nm": "태풍나리 및 집중호우", "fldn_cs_dtl_nm": "하천범람", "reference_score": 46.826231, "reference_source": "MOIS Flood Trace Map 2002-2022"}}, {"type": "Feature", "geometry": {"type": "Point", "coordinates": [127.07739648152423, 38.099180193066346]}, "properties": {"objectid": 20427, "fldn_area": 11462, "fldn_grade": 5, "fldn_yr": 2020, "stdg_ctpv_cd": 41, "fldn_dst_nm": "2020년 7월 28일 ~ 8월 11일 집중호우에 의한 침수피", "fldn_cs_dtl_nm": "내수침수", "reference_score": 46.734399, "reference_source": "MOIS Flood Trace Map 2002-2022"}}, {"type": "Feature", "geometry": {"type": "Point", "coordinates": [126.87664379776494, 35.172812830588164]}, "properties": {"objectid": 4029, "fldn_area": 118050, "fldn_grade": 4, "fldn_yr": 2008, "stdg_ctpv_cd": 29, "fldn_dst_nm": "집중호우", "fldn_cs_dtl_nm": "집중호우", "reference_score": 46.715488, "reference_source": "MOIS Flood Trace Map 2002-2022"}}, {"type": "Feature", "geometry": {"type": "Point", "coordinates": [127.68271373709132, 37.82393034857218]}, "properties": {"objectid": 19782, "fldn_area": 117931, "fldn_grade": 4, "fldn_yr": 2020, "stdg_ctpv_cd": 42, "fldn_dst_nm": "집중호우", "fldn_cs_dtl_nm": "의암댐수문개방", "reference_score": 46.711454, "reference_source": "MOIS Flood Trace Map 2002-2022"}}, {"type": "Feature", "geometry": {"type": "Point", "coordinates": [126.51186904383054, 33.50891167342838]}, "properties": {"objectid": 4814, "fldn_area": 115316, "fldn_grade": 4, "fldn_yr": 2007, "stdg_ctpv_cd": 50, "fldn_dst_nm": "태풍나리 및 집중호우", "fldn_cs_dtl_nm": "하천범람 및 우수유입", "reference_score": 46.621761, "reference_source": "MOIS Flood Trace Map 2002-2022"}}, {"type": "Feature", "geometry": {"type": "Point", "coordinates": [128.186737353209, 37.6876482726728]}, "properties": {"objectid": 2528, "fldn_area": 11131, "fldn_grade": 5, "fldn_yr": 2006, "stdg_ctpv_cd": 42, "fldn_dst_nm": "집중 호우에 의한 침수", "fldn_cs_dtl_nm": "노장천범람(교량낮음)", "reference_score": 46.587896, "reference_source": "MOIS Flood Trace Map 2002-2022"}}, {"type": "Feature", "geometry": {"type": "Point", "coordinates": [127.218791773843, 35.02264139799204]}, "properties": {"objectid": 12995, "fldn_area": 10891, "fldn_grade": 5, "fldn_yr": 2014, "stdg_ctpv_cd": 46, "fldn_dst_nm": "태풍나크라", "fldn_cs_dtl_nm": "태풍으로 하천범람", "reference_score": 46.478919, "reference_source": "MOIS Flood Trace Map 2002-2022"}}, {"type": "Feature", "geometry": {"type": "Point", "coordinates": [129.3612133782227, 35.97085725542516]}, "properties": {"objectid": 8808, "fldn_area": 110636, "fldn_grade": 4, "fldn_yr": 2012, "stdg_ctpv_cd": 47, "fldn_dst_nm": "제16호태풍 산바", "fldn_cs_dtl_nm": "집중호우", "reference_score": 46.456039, "reference_source": "MOIS Flood Trace Map 2002-2022"}}, {"type": "Feature", "geometry": {"type": "Point", "coordinates": [126.6762827042943, 35.59057025821185]}, "properties": {"objectid": 267, "fldn_area": 110262, "fldn_grade": 4, "fldn_yr": 2005, "stdg_ctpv_cd": 45, "fldn_dst_nm": "2005. 08. 02 ~ 2005.08. 03 집중호우", "fldn_cs_dtl_nm": "저지대 및 배수불량(하수관거 병목현상)", "reference_score": 46.442495, "reference_source": "MOIS Flood Trace Map 2002-2022"}}, {"type": "Feature", "geometry": {"type": "Point", "coordinates": [127.48712035830347, 36.62516365504068]}, "properties": {"objectid": 33232, "fldn_area": 2279, "fldn_grade": 6, "fldn_yr": 2022, "stdg_ctpv_cd": 43, "fldn_dst_nm": "집중호우", "fldn_cs_dtl_nm": "집중호우로 인한 침수", "reference_score": 46.391584, "reference_source": "MOIS Flood Trace Map 2002-2022"}}, {"type": "Feature", "geometry": {"type": "Point", "coordinates": [127.7921435155241, 34.633693414328704]}, "properties": {"objectid": 9664, "fldn_area": 105057, "fldn_grade": 4, "fldn_yr": 2012, "stdg_ctpv_cd": 46, "fldn_dst_nm": "2012년 태풍'산바' 침수 피해", "fldn_cs_dtl_nm": "만조위시 집중호우 침수 피해", "reference_score": 46.249071, "reference_source": "MOIS Flood Trace Map 2002-2022"}}, {"type": "Feature", "geometry": {"type": "Point", "coordinates": [126.90131366139016, 36.33637506952438]}, "properties": {"objectid": 31276, "fldn_area": 101839, "fldn_grade": 4, "fldn_yr": 2022, "stdg_ctpv_cd": 44, "fldn_dst_nm": "8.8.~8.17.호우", "fldn_cs_dtl_nm": "집중호우에의한 침수", "reference_score": 46.124633, "reference_source": "MOIS Flood Trace Map 2002-2022"}}, {"type": "Feature", "geometry": {"type": "Point", "coordinates": [128.41764964842378, 34.84473763762124]}, "properties": {"objectid": 26590, "fldn_area": 2154, "fldn_grade": 6, "fldn_yr": 2021, "stdg_ctpv_cd": 48, "fldn_dst_nm": "2021년 12호 태풍 오마이스", "fldn_cs_dtl_nm": "국지성집중호우", "reference_score": 46.053276, "reference_source": "MOIS Flood Trace Map 2002-2022"}}, {"type": "Feature", "geometry": {"type": "Point", "coordinates": [128.91584699331898, 36.9442421767566]}, "properties": {"objectid": 5356, "fldn_area": 99600, "fldn_grade": 4, "fldn_yr": 2008, "stdg_ctpv_cd": 47, "fldn_dst_nm": "2008년도  집중호우", "fldn_cs_dtl_nm": "집중호우로 인하여 급격히 늘어난 우수와 산사태로 운곡천의 수위상승으로", "reference_score": 46.03571, "reference_source": "MOIS Flood Trace Map 2002-2022"}}, {"type": "Feature", "geometry": {"type": "Point", "coordinates": [129.08206635644038, 36.59006284587809]}, "properties": {"objectid": 17310, "fldn_area": 9894, "fldn_grade": 5, "fldn_yr": 2019, "stdg_ctpv_cd": 47, "fldn_dst_nm": "제18호 태풍 미탁", "fldn_cs_dtl_nm": "하천범람", "reference_score": 45.998924, "reference_source": "MOIS Flood Trace Map 2002-2022"}}, {"type": "Feature", "geometry": {"type": "Point", "coordinates": [126.96835092844144, 34.980519482314634]}, "properties": {"objectid": 5880, "fldn_area": 98141, "fldn_grade": 4, "fldn_yr": 2009, "stdg_ctpv_cd": 46, "fldn_dst_nm": "집중호우", "fldn_cs_dtl_nm": "집중호우", "reference_score": 45.976683, "reference_source": "MOIS Flood Trace Map 2002-2022"}}, {"type": "Feature", "geometry": {"type": "Point", "coordinates": [127.63008863823123, 35.995596369833386]}, "properties": {"objectid": 20215, "fldn_area": 98071, "fldn_grade": 4, "fldn_yr": 2020, "stdg_ctpv_cd": 45, "fldn_dst_nm": "집중호우에의한침수", "fldn_cs_dtl_nm": "집중호우에따른침수", "reference_score": 45.973829, "reference_source": "MOIS Flood Trace Map 2002-2022"}}, {"type": "Feature", "geometry": {"type": "Point", "coordinates": [129.04446997573282, 35.11920647606224]}, "properties": {"objectid": 19118, "fldn_area": 9608, "fldn_grade": 5, "fldn_yr": 2020, "stdg_ctpv_cd": 26, "fldn_dst_nm": "우20년07월 장마철 집중호", "fldn_cs_dtl_nm": "집중호우, 저지대지하도로, 배수불량", "reference_score": 45.852277, "reference_source": "MOIS Flood Trace Map 2002-2022"}}, {"type": "Feature", "geometry": {"type": "Point", "coordinates": [129.2253420058504, 37.37510402425083]}, "properties": {"objectid": 17586, "fldn_area": 94390, "fldn_grade": 4, "fldn_yr": 2019, "stdg_ctpv_cd": 42, "fldn_dst_nm": "2019년 제18호 태풍 미탁에 의한 침수", "fldn_cs_dtl_nm": "집중호우에 따른 내수침수", "reference_score": 45.820804, "reference_source": "MOIS Flood Trace Map 2002-2022"}}, {"type": "Feature", "geometry": {"type": "Point", "coordinates": [127.43010753443122, 36.639987932810875]}, "properties": {"objectid": 33285, "fldn_area": 2064, "fldn_grade": 6, "fldn_yr": 2022, "stdg_ctpv_cd": 43, "fldn_dst_nm": "집중호우", "fldn_cs_dtl_nm": "집중호우로 인한 침수", "reference_score": 45.797313, "reference_source": "MOIS Flood Trace Map 2002-2022"}}, {"type": "Feature", "geometry": {"type": "Point", "coordinates": [129.19974745930637, 35.74820054535538]}, "properties": {"objectid": 8858, "fldn_area": 91395, "fldn_grade": 4, "fldn_yr": 2012, "stdg_ctpv_cd": 47, "fldn_dst_nm": "제16호태풍(산바)", "fldn_cs_dtl_nm": "형산강 역류로인한 침수", "reference_score": 45.691828, "reference_source": "MOIS Flood Trace Map 2002-2022"}}, {"type": "Feature", "geometry": {"type": "Point", "coordinates": [127.316208335472, 37.18448926272457]}, "properties": {"objectid": 18325, "fldn_area": 88755, "fldn_grade": 4, "fldn_yr": 2020, "stdg_ctpv_cd": 41, "fldn_dst_nm": "7.28~8.11호우", "fldn_cs_dtl_nm": "내수침수", "reference_score": 45.574585, "reference_source": "MOIS Flood Trace Map 2002-2022"}}, {"type": "Feature", "geometry": {"type": "Point", "coordinates": [129.1569173401235, 37.126907500201476]}, "properties": {"objectid": 19982, "fldn_area": 9040, "fldn_grade": 5, "fldn_yr": 2020, "stdg_ctpv_cd": 42, "fldn_dst_nm": "2020.09.03~09.07 태풍으로 인한 집중호우", "fldn_cs_dtl_nm": "저지대 침수", "reference_score": 45.547625, "reference_source": "MOIS Flood Trace Map 2002-2022"}}, {"type": "Feature", "geometry": {"type": "Point", "coordinates": [128.61339411386666, 35.21524462286239]}, "properties": {"objectid": 12978, "fldn_area": 8964, "fldn_grade": 5, "fldn_yr": 2014, "stdg_ctpv_cd": 48, "fldn_dst_nm": "2014년 국지성 집중호우", "fldn_cs_dtl_nm": "집중호우에 의한 내수불량", "reference_score": 45.505417, "reference_source": "MOIS Flood Trace Map 2002-2022"}}, {"type": "Feature", "geometry": {"type": "Point", "coordinates": [127.33865191131848, 37.34871497698713]}, "properties": {"objectid": 8972, "fldn_area": 86889, "fldn_grade": 4, "fldn_yr": 2011, "stdg_ctpv_cd": 41, "fldn_dst_nm": "2011년국지성집중호우", "fldn_cs_dtl_nm": "집중호우", "reference_score": 45.489593, "reference_source": "MOIS Flood Trace Map 2002-2022"}}, {"type": "Feature", "geometry": {"type": "Point", "coordinates": [129.3800542874088, 36.356173498888154]}, "properties": {"objectid": 23114, "fldn_area": 86471, "fldn_grade": 4, "fldn_yr": 2020, "stdg_ctpv_cd": 47, "fldn_dst_nm": "집중호우", "fldn_cs_dtl_nm": "지대가 낮은 곳의 집중호우", "reference_score": 45.470304, "reference_source": "MOIS Flood Trace Map 2002-2022"}}, {"type": "Feature", "geometry": {"type": "Point", "coordinates": [126.36954626330639, 35.17677323348904]}, "properties": {"objectid": 12766, "fldn_area": 85300, "fldn_grade": 4, "fldn_yr": 2014, "stdg_ctpv_cd": 46, "fldn_dst_nm": "2014년8월18일 집중호우", "fldn_cs_dtl_nm": "하천범람 및 내수침수", "reference_score": 45.415766, "reference_source": "MOIS Flood Trace Map 2002-2022"}}, {"type": "Feature", "geometry": {"type": "Point", "coordinates": [126.85901331469539, 36.48511304843963]}, "properties": {"objectid": 9471, "fldn_area": 8697, "fldn_grade": 5, "fldn_yr": 2012, "stdg_ctpv_cd": 44, "fldn_dst_nm": "8.14-16  호우", "fldn_cs_dtl_nm": "농경지 침수", "reference_score": 45.354242, "reference_source": "MOIS Flood Trace Map 2002-2022"}}, {"type": "Feature", "geometry": {"type": "Point", "coordinates": [126.57418458191253, 34.94281386682175]}, "properties": {"objectid": 31107, "fldn_area": 83804, "fldn_grade": 4, "fldn_yr": 2021, "stdg_ctpv_cd": 46, "fldn_dst_nm": "2021년 7월 집중호우", "fldn_cs_dtl_nm": "집중호우로 인한 배수용량 초과", "reference_score": 45.344992, "reference_source": "MOIS Flood Trace Map 2002-2022"}}, {"type": "Feature", "geometry": {"type": "Point", "coordinates": [128.58655386372834, 35.231309593953455]}, "properties": {"objectid": 12980, "fldn_area": 81669, "fldn_grade": 4, "fldn_yr": 2014, "stdg_ctpv_cd": 48, "fldn_dst_nm": "2014년 국지성 집중호우", "fldn_cs_dtl_nm": "집중호우에 의한 외수범람", "reference_score": 45.241768, "reference_source": "MOIS Flood Trace Map 2002-2022"}}, {"type": "Feature", "geometry": {"type": "Point", "coordinates": [127.57036207514821, 36.720869401445725]}, "properties": {"objectid": 15065, "fldn_area": 8436, "fldn_grade": 5, "fldn_yr": 2017, "stdg_ctpv_cd": 43, "fldn_dst_nm": "2017년7월16일중부재해", "fldn_cs_dtl_nm": "집중호우로 내부침수", "reference_score": 45.20191, "reference_source": "MOIS Flood Trace Map 2002-2022"}}, {"type": "Feature", "geometry": {"type": "Point", "coordinates": [127.44393677195848, 36.785068085137794]}, "properties": {"objectid": 16791, "fldn_area": 8323, "fldn_grade": 5, "fldn_yr": 2017, "stdg_ctpv_cd": 43, "fldn_dst_nm": "7.14~16 호우", "fldn_cs_dtl_nm": "집중호우로 인한 하천 범람", "reference_score": 45.134491, "reference_source": "MOIS Flood Trace Map 2002-2022"}}, {"type": "Feature", "geometry": {"type": "Point", "coordinates": [128.2773197259441, 35.70791771836571]}, "properties": {"objectid": 10814, "fldn_area": 76308, "fldn_grade": 4, "fldn_yr": 2012, "stdg_ctpv_cd": 47, "fldn_dst_nm": "고령읍 외리지구", "fldn_cs_dtl_nm": "태풍산바에 의한 집중호우로 인한 침수", "reference_score": 44.970185, "reference_source": "MOIS Flood Trace Map 2002-2022"}}, {"type": "Feature", "geometry": {"type": "Point", "coordinates": [128.27426525273842, 35.709198637230266]}, "properties": {"objectid": 10815, "fldn_area": 76308, "fldn_grade": 4, "fldn_yr": 2012, "stdg_ctpv_cd": 47, "fldn_dst_nm": "고령읍 외리지구", "fldn_cs_dtl_nm": "태풍 산바에 의한 집중호우로 인한 침수", "reference_score": 44.970185, "reference_source": "MOIS Flood Trace Map 2002-2022"}}, {"type": "Feature", "geometry": {"type": "Point", "coordinates": [128.1580874949758, 37.06919751686865]}, "properties": {"objectid": 20876, "fldn_area": 7997, "fldn_grade": 5, "fldn_yr": 2020, "stdg_ctpv_cd": 43, "fldn_dst_nm": "2020년 8월 집중호우", "fldn_cs_dtl_nm": "집중호우에 의한 하천 범람", "reference_score": 44.934734, "reference_source": "MOIS Flood Trace Map 2002-2022"}}, {"type": "Feature", "geometry": {"type": "Point", "coordinates": [127.33836868763416, 36.6117397389647]}, "properties": {"objectid": 15414, "fldn_area": 7960, "fldn_grade": 5, "fldn_yr": 2017, "stdg_ctpv_cd": 43, "fldn_dst_nm": "2017년7월16일중부재해", "fldn_cs_dtl_nm": "집중호우로 내부침수", "reference_score": 44.911549, "reference_source": "MOIS Flood Trace Map 2002-2022"}}, {"type": "Feature", "geometry": {"type": "Point", "coordinates": [126.62816828971883, 35.43968672084472]}, "properties": {"objectid": 12935, "fldn_area": 75117, "fldn_grade": 4, "fldn_yr": 2014, "stdg_ctpv_cd": 45, "fldn_dst_nm": "8.17~8.20 집중호우", "fldn_cs_dtl_nm": "집중호우", "reference_score": 44.907262, "reference_source": "MOIS Flood Trace Map 2002-2022"}}, {"type": "Feature", "geometry": {"type": "Point", "coordinates": [126.93600788599052, 35.114745278052325]}, "properties": {"objectid": 5656, "fldn_area": 73743, "fldn_grade": 4, "fldn_yr": 2009, "stdg_ctpv_cd": 29, "fldn_dst_nm": "집중호우", "fldn_cs_dtl_nm": "집중호우", "reference_score": 44.83342, "reference_source": "MOIS Flood Trace Map 2002-2022"}}, {"type": "Feature", "geometry": {"type": "Point", "coordinates": [128.40473031341247, 37.42437043180904]}, "properties": {"objectid": 3861, "fldn_area": 7597, "fldn_grade": 5, "fldn_yr": 2006, "stdg_ctpv_cd": 42, "fldn_dst_nm": "집중 호우에 의한 침수", "fldn_cs_dtl_nm": "우수에 의한 내수 침수", "reference_score": 44.678202, "reference_source": "MOIS Flood Trace Map 2002-2022"}}, {"type": "Feature", "geometry": {"type": "Point", "coordinates": [126.70149169609734, 35.961701926775476]}, "properties": {"objectid": 9477, "fldn_area": 65738, "fldn_grade": 4, "fldn_yr": 2012, "stdg_ctpv_cd": 45, "fldn_dst_nm": "군산집중호우", "fldn_cs_dtl_nm": "국지성호우", "reference_score": 44.373791, "reference_source": "MOIS Flood Trace Map 2002-2022"}}, {"type": "Feature", "geometry": {"type": "Point", "coordinates": [127.40216270198145, 36.668698218981696]}, "properties": {"objectid": 15514, "fldn_area": 65373, "fldn_grade": 4, "fldn_yr": 2017, "stdg_ctpv_cd": 43, "fldn_dst_nm": "2017년7월16일중부재해", "fldn_cs_dtl_nm": "집중호우로 내부침수", "reference_score": 44.35152, "reference_source": "MOIS Flood Trace Map 2002-2022"}}, {"type": "Feature", "geometry": {"type": "Point", "coordinates": [129.30799174530375, 35.5550468824361]}, "properties": {"objectid": 12912, "fldn_area": 62745, "fldn_grade": 4, "fldn_yr": 2016, "stdg_ctpv_cd": 31, "fldn_dst_nm": "2016년 태풍 차바", "fldn_cs_dtl_nm": "태풍으로 인한 집중호우", "reference_score": 44.1874, "reference_source": "MOIS Flood Trace Map 2002-2022"}}, {"type": "Feature", "geometry": {"type": "Point", "coordinates": [126.75594533429697, 35.27511460515825]}, "properties": {"objectid": 23110, "fldn_area": 62645, "fldn_grade": 4, "fldn_yr": 2020, "stdg_ctpv_cd": 46, "fldn_dst_nm": "농경지침수", "fldn_cs_dtl_nm": "수집중호우에 따른 침수", "reference_score": 44.18102, "reference_source": "MOIS Flood Trace Map 2002-2022"}}, {"type": "Feature", "geometry": {"type": "Point", "coordinates": [128.7767109343271, 35.35948194358177]}, "properties": {"objectid": 28485, "fldn_area": 61813, "fldn_grade": 4, "fldn_yr": 2021, "stdg_ctpv_cd": 48, "fldn_dst_nm": "2021.07.05. ~ 07.08. 호우주의보", "fldn_cs_dtl_nm": "우수량의 급증으로인한 배수불량 내수침수", "reference_score": 44.127541, "reference_source": "MOIS Flood Trace Map 2002-2022"}}, {"type": "Feature", "geometry": {"type": "Point", "coordinates": [127.39767172193754, 36.58554784529003]}, "properties": {"objectid": 13980, "fldn_area": 6803, "fldn_grade": 5, "fldn_yr": 2017, "stdg_ctpv_cd": 43, "fldn_dst_nm": "2017년7월16일 호우", "fldn_cs_dtl_nm": "호우에 의한 범람 및 둑 붕괴", "reference_score": 44.12633, "reference_source": "MOIS Flood Trace Map 2002-2022"}}, {"type": "Feature", "geometry": {"type": "Point", "coordinates": [127.89258590369275, 35.24614249653136]}, "properties": {"objectid": 9971, "fldn_area": 61283, "fldn_grade": 4, "fldn_yr": 2012, "stdg_ctpv_cd": 48, "fldn_dst_nm": "태풍'산바'", "fldn_cs_dtl_nm": "집중호우로 인한 외수유입", "reference_score": 44.093096, "reference_source": "MOIS Flood Trace Map 2002-2022"}}, {"type": "Feature", "geometry": {"type": "Point", "coordinates": [128.41578475140525, 34.88739531415272]}, "properties": {"objectid": 25986, "fldn_area": 6690, "fldn_grade": 5, "fldn_yr": 2021, "stdg_ctpv_cd": 48, "fldn_dst_nm": "2021년 12호 태풍 오마이스", "fldn_cs_dtl_nm": "국지성집중호우", "reference_score": 44.042593, "reference_source": "MOIS Flood Trace Map 2002-2022"}}, {"type": "Feature", "geometry": {"type": "Point", "coordinates": [126.87391194066163, 34.916121654705826]}, "properties": {"objectid": 12668, "fldn_area": 60272, "fldn_grade": 4, "fldn_yr": 2014, "stdg_ctpv_cd": 46, "fldn_dst_nm": "2014년7월19일집중호우", "fldn_cs_dtl_nm": "집중호우에 의한 침수", "reference_score": 44.026558, "reference_source": "MOIS Flood Trace Map 2002-2022"}}, {"type": "Feature", "geometry": {"type": "Point", "coordinates": [127.77086289952469, 37.637353657827525]}, "properties": {"objectid": 5301, "fldn_area": 59407, "fldn_grade": 4, "fldn_yr": 2009, "stdg_ctpv_cd": 42, "fldn_dst_nm": "집중호우", "fldn_cs_dtl_nm": "하천수위상승으로 역류", "reference_score": 43.968737, "reference_source": "MOIS Flood Trace Map 2002-2022"}}, {"type": "Feature", "geometry": {"type": "Point", "coordinates": [126.78943725818387, 33.48720876388319]}, "properties": {"objectid": 3044, "fldn_area": 2307959, "fldn_grade": 3, "fldn_yr": 2006, "stdg_ctpv_cd": 50, "fldn_dst_nm": "6.30 집중호우 및 제 3호 테풍 에위니아", "fldn_cs_dtl_nm": "농경지 매몰 및 침수", "reference_score": 43.955624, "reference_source": "MOIS Flood Trace Map 2002-2022"}}, {"type": "Feature", "geometry": {"type": "Point", "coordinates": [127.40945588971714, 36.78783245414365]}, "properties": {"objectid": 16829, "fldn_area": 6423, "fldn_grade": 5, "fldn_yr": 2017, "stdg_ctpv_cd": 43, "fldn_dst_nm": "7.14~16 호우", "fldn_cs_dtl_nm": "집중호우에 따른 유지 범람", "reference_score": 43.838981, "reference_source": "MOIS Flood Trace Map 2002-2022"}}, {"type": "Feature", "geometry": {"type": "Point", "coordinates": [126.8460806023388, 35.270510399136256]}, "properties": {"objectid": 23615, "fldn_area": 6410, "fldn_grade": 5, "fldn_yr": 2020, "stdg_ctpv_cd": 46, "fldn_dst_nm": "제방붕괴", "fldn_cs_dtl_nm": "집중호우로 인한 제방붕괴", "reference_score": 43.828853, "reference_source": "MOIS Flood Trace Map 2002-2022"}}, {"type": "Feature", "geometry": {"type": "Point", "coordinates": [126.9251392233926, 34.45639890460252]}, "properties": {"objectid": 30819, "fldn_area": 56750, "fldn_grade": 4, "fldn_yr": 2021, "stdg_ctpv_cd": 46, "fldn_dst_nm": "2021.07.05-07 집중호우", "fldn_cs_dtl_nm": "하천범람 및 내수침수", "reference_score": 43.785714, "reference_source": "MOIS Flood Trace Map 2002-2022"}}, {"type": "Feature", "geometry": {"type": "Point", "coordinates": [127.34221616049679, 36.27721035773441]}, "properties": {"objectid": 6261, "fldn_area": 56148, "fldn_grade": 4, "fldn_yr": 2011, "stdg_ctpv_cd": 30, "fldn_dst_nm": "호우", "fldn_cs_dtl_nm": "범람", "reference_score": 43.743057, "reference_source": "MOIS Flood Trace Map 2002-2022"}}, {"type": "Feature", "geometry": {"type": "Point", "coordinates": [127.81245312113212, 34.85637950579842]}, "properties": {"objectid": 9993, "fldn_area": 54444, "fldn_grade": 4, "fldn_yr": 2012, "stdg_ctpv_cd": 48, "fldn_dst_nm": "2012년 국지성집중호우", "fldn_cs_dtl_nm": "집중호우에 의한 하천범람", "reference_score": 43.619785, "reference_source": "MOIS Flood Trace Map 2002-2022"}}, {"type": "Feature", "geometry": {"type": "Point", "coordinates": [128.36872244622862, 37.75467198733314]}, "properties": {"objectid": 17193, "fldn_area": 6108, "fldn_grade": 5, "fldn_yr": 2018, "stdg_ctpv_cd": 42, "fldn_dst_nm": "2017년 국지성 집중호우", "fldn_cs_dtl_nm": "집중호우에 의한 하천 범람", "reference_score": 43.587592, "reference_source": "MOIS Flood Trace Map 2002-2022"}}, {"type": "Feature", "geometry": {"type": "Point", "coordinates": [128.11088462483215, 37.131768297317414]}, "properties": {"objectid": 19514, "fldn_area": 6066, "fldn_grade": 5, "fldn_yr": 2020, "stdg_ctpv_cd": 43, "fldn_dst_nm": "2020년 8월 집중호우", "fldn_cs_dtl_nm": "집중호우에 의한 하천범람", "reference_score": 43.553098, "reference_source": "MOIS Flood Trace Map 2002-2022"}}, {"type": "Feature", "geometry": {"type": "Point", "coordinates": [127.56063901085751, 36.57418605298926]}, "properties": {"objectid": 13343, "fldn_area": 5897, "fldn_grade": 5, "fldn_yr": 2017, "stdg_ctpv_cd": 43, "fldn_dst_nm": "2017년7월16일 중부재해", "fldn_cs_dtl_nm": "하천범람", "reference_score": 43.411843, "reference_source": "MOIS Flood Trace Map 2002-2022"}}, {"type": "Feature", "geometry": {"type": "Point", "coordinates": [126.80001267678733, 34.49598118577895]}, "properties": {"objectid": 30781, "fldn_area": 5859, "fldn_grade": 5, "fldn_yr": 2021, "stdg_ctpv_cd": 46, "fldn_dst_nm": "2021.07.05.-07.08. 집중호우", "fldn_cs_dtl_nm": "하천범람 및 내수침수", "reference_score": 43.379524, "reference_source": "MOIS Flood Trace Map 2002-2022"}}, {"type": "Feature", "geometry": {"type": "Point", "coordinates": [126.2619611612426, 33.2499040971505]}, "properties": {"objectid": 4754, "fldn_area": 1902366, "fldn_grade": 3, "fldn_yr": 2006, "stdg_ctpv_cd": 50, "fldn_dst_nm": "6.30 집중호우 및 제 3호 테풍 에위니아", "fldn_cs_dtl_nm": "농경지 매몰 및 침수", "reference_score": 43.375828, "reference_source": "MOIS Flood Trace Map 2002-2022"}}, {"type": "Feature", "geometry": {"type": "Point", "coordinates": [126.74037827188043, 35.5419428622399]}, "properties": {"objectid": 8447, "fldn_area": 50734, "fldn_grade": 4, "fldn_yr": 2011, "stdg_ctpv_cd": 45, "fldn_dst_nm": "집중호우", "fldn_cs_dtl_nm": "집중호우", "reference_score": 43.337485, "reference_source": "MOIS Flood Trace Map 2002-2022"}}, {"type": "Feature", "geometry": {"type": "Point", "coordinates": [127.43224652300641, 36.685255606961306]}, "properties": {"objectid": 14739, "fldn_area": 49185, "fldn_grade": 4, "fldn_yr": 2017, "stdg_ctpv_cd": 43, "fldn_dst_nm": "2017년7월16일중부재해", "fldn_cs_dtl_nm": "집중호우로 내부침수", "reference_score": 43.213457, "reference_source": "MOIS Flood Trace Map 2002-2022"}}, {"type": "Feature", "geometry": {"type": "Point", "coordinates": [127.56239408046717, 36.58909964315603]}, "properties": {"objectid": 13522, "fldn_area": 5654, "fldn_grade": 5, "fldn_yr": 2017, "stdg_ctpv_cd": 43, "fldn_dst_nm": "2017년7월16일 중부재해", "fldn_cs_dtl_nm": "하천범람", "reference_score": 43.201477, "reference_source": "MOIS Flood Trace Map 2002-2022"}}, {"type": "Feature", "geometry": {"type": "Point", "coordinates": [128.21895802460395, 35.2071455100118]}, "properties": {"objectid": 16269, "fldn_area": 46494, "fldn_grade": 4, "fldn_yr": 2018, "stdg_ctpv_cd": 48, "fldn_dst_nm": "제 25호 태풍 콩레이", "fldn_cs_dtl_nm": "배수불량 및 중간하천 배수관에서 역류발생, 배수장 용량부족", "reference_score": 42.9884, "reference_source": "MOIS Flood Trace Map 2002-2022"}}, {"type": "Feature", "geometry": {"type": "Point", "coordinates": [126.44408370609837, 33.4169683027526]}, "properties": {"objectid": 12233, "fldn_area": 5089, "fldn_grade": 5, "fldn_yr": 2016, "stdg_ctpv_cd": 50, "fldn_dst_nm": "2016 제18호태풍 ‘차바’", "fldn_cs_dtl_nm": null, "reference_score": 42.675166, "reference_source": "MOIS Flood Trace Map 2002-2022"}}, {"type": "Feature", "geometry": {"type": "Point", "coordinates": [128.2910059776711, 35.332085691855745]}, "properties": {"objectid": 4532, "fldn_area": 41185, "fldn_grade": 4, "fldn_yr": 2007, "stdg_ctpv_cd": 48, "fldn_dst_nm": "태풍나리집중호우", "fldn_cs_dtl_nm": "농경지침수", "reference_score": 42.503415, "reference_source": "MOIS Flood Trace Map 2002-2022"}}, {"type": "Feature", "geometry": {"type": "Point", "coordinates": [127.7666472462523, 37.10432979688589]}, "properties": {"objectid": 19384, "fldn_area": 40235, "fldn_grade": 4, "fldn_yr": 2020, "stdg_ctpv_cd": 43, "fldn_dst_nm": "일2020년08월02", "fldn_cs_dtl_nm": null, "reference_score": 42.41007, "reference_source": "MOIS Flood Trace Map 2002-2022"}}, {"type": "Feature", "geometry": {"type": "Point", "coordinates": [126.49670668565969, 35.40438740759791]}, "properties": {"objectid": 8985, "fldn_area": 38924, "fldn_grade": 4, "fldn_yr": 2011, "stdg_ctpv_cd": 45, "fldn_dst_nm": "집중호우에 의한 침수", "fldn_cs_dtl_nm": "국지성호우", "reference_score": 42.277568, "reference_source": "MOIS Flood Trace Map 2002-2022"}}, {"type": "Feature", "geometry": {"type": "Point", "coordinates": [128.21844177159622, 35.574881831452174]}, "properties": {"objectid": 23268, "fldn_area": 1286778, "fldn_grade": 3, "fldn_yr": 2020, "stdg_ctpv_cd": 48, "fldn_dst_nm": "2020.7.28 ~ 8.11 집중호우", "fldn_cs_dtl_nm": "하천개수공사 미비 및 배제불량에 따른 제방파쇄", "reference_score": 42.202958, "reference_source": "MOIS Flood Trace Map 2002-2022"}}, {"type": "Feature", "geometry": {"type": "Point", "coordinates": [129.31923168818588, 37.164116377476745]}, "properties": {"objectid": 17762, "fldn_area": 37696, "fldn_grade": 4, "fldn_yr": 2019, "stdg_ctpv_cd": 42, "fldn_dst_nm": "2019년 제18호 태풍 미탁에 의한 침수", "fldn_cs_dtl_nm": "하천범람", "reference_score": 42.149343, "reference_source": "MOIS Flood Trace Map 2002-2022"}}, {"type": "Feature", "geometry": {"type": "Point", "coordinates": [128.24745919684216, 35.22567292573696]}, "properties": {"objectid": 17329, "fldn_area": 37508, "fldn_grade": 4, "fldn_yr": 2019, "stdg_ctpv_cd": 48, "fldn_dst_nm": "제18호 태풍 미탁", "fldn_cs_dtl_nm": "우수량이 많아 광범위하게 농지 및 비닐하우수 침수", "reference_score": 42.129345, "reference_source": "MOIS Flood Trace Map 2002-2022"}}, {"type": "Feature", "geometry": {"type": "Point", "coordinates": [129.0491163647306, 35.389920850484344]}, "properties": {"objectid": 12378, "fldn_area": 37321, "fldn_grade": 4, "fldn_yr": 2016, "stdg_ctpv_cd": 48, "fldn_dst_nm": "태풍차바", "fldn_cs_dtl_nm": "양산천 범람 및 소하천 배수불량으로 인한 하천역류", "reference_score": 42.109353, "reference_source": "MOIS Flood Trace Map 2002-2022"}}, {"type": "Feature", "geometry": {"type": "Point", "coordinates": [126.1943344700769, 33.255219100838715]}, "properties": {"objectid": 4752, "fldn_area": 1192025, "fldn_grade": 3, "fldn_yr": 2006, "stdg_ctpv_cd": 50, "fldn_dst_nm": "6.30 집중호우 및 제 3호 테풍 에위니아", "fldn_cs_dtl_nm": "농경지 매몰 및 침수", "reference_score": 41.973495, "reference_source": "MOIS Flood Trace Map 2002-2022"}}, {"type": "Feature", "geometry": {"type": "Point", "coordinates": [127.17076725896456, 34.55742776311353]}, "properties": {"objectid": 5185, "fldn_area": 35000, "fldn_grade": 4, "fldn_yr": 2007, "stdg_ctpv_cd": 46, "fldn_dst_nm": "태풍나리 집중호우", "fldn_cs_dtl_nm": "집중호우로 주택, 농경지 침수", "reference_score": 41.852528, "reference_source": "MOIS Flood Trace Map 2002-2022"}}, {"type": "Feature", "geometry": {"type": "Point", "coordinates": [127.02261431620055, 37.49734528348271]}, "properties": {"objectid": 30154, "fldn_area": 33189, "fldn_grade": 4, "fldn_yr": 2022, "stdg_ctpv_cd": 11, "fldn_dst_nm": "2022년 8월 집중호우", "fldn_cs_dtl_nm": "침수", "reference_score": 41.640016, "reference_source": "MOIS Flood Trace Map 2002-2022"}}, {"type": "Feature", "geometry": {"type": "Point", "coordinates": [126.222803584917, 34.45523581332499]}, "properties": {"objectid": 4759, "fldn_area": 1050313, "fldn_grade": 3, "fldn_yr": 2007, "stdg_ctpv_cd": 46, "fldn_dst_nm": "집중 호우에 의한 침수", "fldn_cs_dtl_nm": "우수 및 하천 범람으로 농경지 침수", "reference_score": 41.593799, "reference_source": "MOIS Flood Trace Map 2002-2022"}}, {"type": "Feature", "geometry": {"type": "Point", "coordinates": [126.51509707619444, 35.31959031610024]}, "properties": {"objectid": 12673, "fldn_area": 31816, "fldn_grade": 4, "fldn_yr": 2014, "stdg_ctpv_cd": 46, "fldn_dst_nm": "2014년8월18일 집중호우", "fldn_cs_dtl_nm": "하천범람 및 내수침수", "reference_score": 41.471024, "reference_source": "MOIS Flood Trace Map 2002-2022"}}, {"type": "Feature", "geometry": {"type": "Point", "coordinates": [126.24063503893902, 33.28785687119203]}, "properties": {"objectid": 3076, "fldn_area": 993839, "fldn_grade": 3, "fldn_yr": 2006, "stdg_ctpv_cd": 50, "fldn_dst_nm": "6.30 집중호우 및 제 3호 테풍 에위니아", "fldn_cs_dtl_nm": "농경지 매몰 및 침수", "reference_score": 41.427995, "reference_source": "MOIS Flood Trace Map 2002-2022"}}, {"type": "Feature", "geometry": {"type": "Point", "coordinates": [127.53509900380739, 37.05678621003686]}, "properties": {"objectid": 20014, "fldn_area": 31155, "fldn_grade": 4, "fldn_yr": 2020, "stdg_ctpv_cd": 41, "fldn_dst_nm": "7.28~8.11 집중호우", "fldn_cs_dtl_nm": "집중호우로 인한 내수침수", "reference_score": 41.387048, "reference_source": "MOIS Flood Trace Map 2002-2022"}}, {"type": "Feature", "geometry": {"type": "Point", "coordinates": [126.62774948364452, 35.23866568007237]}, "properties": {"objectid": 23128, "fldn_area": 30539, "fldn_grade": 4, "fldn_yr": 2020, "stdg_ctpv_cd": 46, "fldn_dst_nm": "소하천범람", "fldn_cs_dtl_nm": "집중호우로 인한 소하천범람", "reference_score": 41.30717, "reference_source": "MOIS Flood Trace Map 2002-2022"}}, {"type": "Feature", "geometry": {"type": "Point", "coordinates": [126.7652043306665, 37.364758542861935]}, "properties": {"objectid": 9255, "fldn_area": 30507, "fldn_grade": 4, "fldn_yr": 2012, "stdg_ctpv_cd": 41, "fldn_dst_nm": "2012년 시흥시침수흔적도", "fldn_cs_dtl_nm": "집중호우", "reference_score": 41.302977, "reference_source": "MOIS Flood Trace Map 2002-2022"}}, {"type": "Feature", "geometry": {"type": "Point", "coordinates": [128.2055768541353, 37.06239864417866]}, "properties": {"objectid": 21140, "fldn_area": 3653, "fldn_grade": 5, "fldn_yr": 2020, "stdg_ctpv_cd": 43, "fldn_dst_nm": "2020년 8월 집중호우", "fldn_cs_dtl_nm": "집중호우에 의한 하천 범람", "reference_score": 41.017889, "reference_source": "MOIS Flood Trace Map 2002-2022"}}, {"type": "Feature", "geometry": {"type": "Point", "coordinates": [127.09414675249484, 36.98515373331572]}, "properties": {"objectid": 419, "fldn_area": 862740, "fldn_grade": 3, "fldn_yr": 2006, "stdg_ctpv_cd": 41, "fldn_dst_nm": "2006. 태풍 에위니아 및 집중호우", "fldn_cs_dtl_nm": "집중호우에 따른 우수유입에 의한 침수", "reference_score": 41.003609, "reference_source": "MOIS Flood Trace Map 2002-2022"}}, {"type": "Feature", "geometry": {"type": "Point", "coordinates": [127.61475519634554, 36.69221743772956]}, "properties": {"objectid": 13879, "fldn_area": 3562, "fldn_grade": 5, "fldn_yr": 2017, "stdg_ctpv_cd": 43, "fldn_dst_nm": "2017년7월16일 중부재해", "fldn_cs_dtl_nm": "집중호우에 의한 내수침수", "reference_score": 40.891791, "reference_source": "MOIS Flood Trace Map 2002-2022"}}, {"type": "Feature", "geometry": {"type": "Point", "coordinates": [128.68675189775888, 35.4095367096714]}, "properties": {"objectid": 12716, "fldn_area": 25468, "fldn_grade": 4, "fldn_yr": 2014, "stdg_ctpv_cd": 48, "fldn_dst_nm": "2014 국지성 집중호우", "fldn_cs_dtl_nm": "집중호우로 인한 배수용량초과", "reference_score": 40.580869, "reference_source": "MOIS Flood Trace Map 2002-2022"}}, {"type": "Feature", "geometry": {"type": "Point", "coordinates": [126.44320228262805, 33.47085972110995]}, "properties": {"objectid": 4687, "fldn_area": 742391, "fldn_grade": 3, "fldn_yr": 2007, "stdg_ctpv_cd": 50, "fldn_dst_nm": "태풍나리 및 집중호우", "fldn_cs_dtl_nm": "하천범람", "reference_score": 40.552898, "reference_source": "MOIS Flood Trace Map 2002-2022"}}, {"type": "Feature", "geometry": {"type": "Point", "coordinates": [128.82263959272066, 35.213709256422945]}, "properties": {"objectid": 16702, "fldn_area": 25139, "fldn_grade": 4, "fldn_yr": 2017, "stdg_ctpv_cd": 48, "fldn_dst_nm": "제18호 태풍 차바", "fldn_cs_dtl_nm": "태풍으로 인한 집중호우", "reference_score": 40.528862, "reference_source": "MOIS Flood Trace Map 2002-2022"}}, {"type": "Feature", "geometry": {"type": "Point", "coordinates": [126.88415519641053, 34.97418165133972]}, "properties": {"objectid": 13121, "fldn_area": 24220, "fldn_grade": 4, "fldn_yr": 2014, "stdg_ctpv_cd": 46, "fldn_dst_nm": "2014년7월19일집중호우", "fldn_cs_dtl_nm": "집중호우에의한침수", "reference_score": 40.379901, "reference_source": "MOIS Flood Trace Map 2002-2022"}}, {"type": "Feature", "geometry": {"type": "Point", "coordinates": [127.36238860823931, 34.83820222250121]}, "properties": {"objectid": 4724, "fldn_area": 695096, "fldn_grade": 3, "fldn_yr": 2007, "stdg_ctpv_cd": 46, "fldn_dst_nm": "집중호우 및 제11호 태풍“나리”피해", "fldn_cs_dtl_nm": "해수 월류(만조 시)로 인한 피해와 지반유실로인한 침수", "reference_score": 40.35542, "reference_source": "MOIS Flood Trace Map 2002-2022"}}, {"type": "Feature", "geometry": {"type": "Point", "coordinates": [128.3258825411065, 37.027132798825335]}, "properties": {"objectid": 20329, "fldn_area": 24010, "fldn_grade": 4, "fldn_yr": 2020, "stdg_ctpv_cd": 43, "fldn_dst_nm": "2020년 집중호우", "fldn_cs_dtl_nm": "집중호우에 의한 하천 범람", "reference_score": 40.345069, "reference_source": "MOIS Flood Trace Map 2002-2022"}}, {"type": "Feature", "geometry": {"type": "Point", "coordinates": [129.21640165274482, 35.321267710040296]}, "properties": {"objectid": 12762, "fldn_area": 687966, "fldn_grade": 3, "fldn_yr": 2014, "stdg_ctpv_cd": 26, "fldn_dst_nm": "집중호우로 인한 침수", "fldn_cs_dtl_nm": "집중호우", "reference_score": 40.324488, "reference_source": "MOIS Flood Trace Map 2002-2022"}}, {"type": "Feature", "geometry": {"type": "Point", "coordinates": [127.27914818268448, 35.04606824092684]}, "properties": {"objectid": 12966, "fldn_area": 3090, "fldn_grade": 5, "fldn_yr": 2014, "stdg_ctpv_cd": 46, "fldn_dst_nm": "2014년 집중호우", "fldn_cs_dtl_nm": "집중호우로 농경지 침수", "reference_score": 40.18125, "reference_source": "MOIS Flood Trace Map 2002-2022"}}, {"type": "Feature", "geometry": {"type": "Point", "coordinates": [129.02481508600792, 37.680395941943715]}, "properties": {"objectid": 18029, "fldn_area": 22412, "fldn_grade": 4, "fldn_yr": 2019, "stdg_ctpv_cd": 42, "fldn_dst_nm": "제18호태풍미탁", "fldn_cs_dtl_nm": "하천범람 및 저지대침수", "reference_score": 40.069586, "reference_source": "MOIS Flood Trace Map 2002-2022"}}, {"type": "Feature", "geometry": {"type": "Point", "coordinates": [127.54294808260835, 37.10193573428929]}, "properties": {"objectid": 19604, "fldn_area": 622473, "fldn_grade": 3, "fldn_yr": 2020, "stdg_ctpv_cd": 41, "fldn_dst_nm": "7.28~8.11 집중호우", "fldn_cs_dtl_nm": "집중호우로 인한 내수침수", "reference_score": 40.024371, "reference_source": "MOIS Flood Trace Map 2002-2022"}}, {"type": "Feature", "geometry": {"type": "Point", "coordinates": [126.93303194766683, 37.03854558323443]}, "properties": {"objectid": 489, "fldn_area": 615988, "fldn_grade": 3, "fldn_yr": 2006, "stdg_ctpv_cd": 41, "fldn_dst_nm": "2006. 07. 25 집중호우 및 제3호 태풍 “", "fldn_cs_dtl_nm": "우수유입, 내수침수 및 중앙삼계수로 제방범람,  배수시설 미비", "reference_score": 39.992953, "reference_source": "MOIS Flood Trace Map 2002-2022"}}, {"type": "Feature", "geometry": {"type": "Point", "coordinates": [127.20043928394838, 37.76981514346693]}, "properties": {"objectid": 9724, "fldn_area": 21935, "fldn_grade": 4, "fldn_yr": 2013, "stdg_ctpv_cd": 41, "fldn_dst_nm": "2013년 장마철 집중호우", "fldn_cs_dtl_nm": "장마철 집중호우에 의한 침수", "reference_score": 39.983538, "reference_source": "MOIS Flood Trace Map 2002-2022"}}, {"type": "Feature", "geometry": {"type": "Point", "coordinates": [128.93820803579186, 36.91185901701219]}, "properties": {"objectid": 5671, "fldn_area": 21670, "fldn_grade": 4, "fldn_yr": 2008, "stdg_ctpv_cd": 47, "fldn_dst_nm": "2008년도  집중호우", "fldn_cs_dtl_nm": "집중호우로 인하여 급격히 늘어난 우수와 산사태로 운곡천의 수위상승으로", "reference_score": 39.934921, "reference_source": "MOIS Flood Trace Map 2002-2022"}}, {"type": "Feature", "geometry": {"type": "Point", "coordinates": [129.27526290970795, 35.974621859539106]}, "properties": {"objectid": 48, "fldn_area": 591725, "fldn_grade": 3, "fldn_yr": 2002, "stdg_ctpv_cd": 47, "fldn_dst_nm": "2002년도 제 15호태풍 루사 집중호우", "fldn_cs_dtl_nm": "농경지 침수 및 농작물 피해, 하우스 파손", "reference_score": 39.872397, "reference_source": "MOIS Flood Trace Map 2002-2022"}}, {"type": "Feature", "geometry": {"type": "Point", "coordinates": [129.4308572385413, 35.643192275425676]}, "properties": {"objectid": 13146, "fldn_area": 590826, "fldn_grade": 3, "fldn_yr": 2016, "stdg_ctpv_cd": 31, "fldn_dst_nm": "태풍'차바'", "fldn_cs_dtl_nm": "집중호우", "reference_score": 39.867836, "reference_source": "MOIS Flood Trace Map 2002-2022"}}, {"type": "Feature", "geometry": {"type": "Point", "coordinates": [126.14945020400468, 34.386204238408276]}, "properties": {"objectid": 6954, "fldn_area": 580943, "fldn_grade": 3, "fldn_yr": 2009, "stdg_ctpv_cd": 46, "fldn_dst_nm": "집중호우", "fldn_cs_dtl_nm": "집중호우", "reference_score": 39.817229, "reference_source": "MOIS Flood Trace Map 2002-2022"}}, {"type": "Feature", "geometry": {"type": "Point", "coordinates": [128.0800538464235, 35.24295014199872]}, "properties": {"objectid": 16424, "fldn_area": 20231, "fldn_grade": 4, "fldn_yr": 2018, "stdg_ctpv_cd": 48, "fldn_dst_nm": "제 25호 태풍 콩레이", "fldn_cs_dtl_nm": "내수 과다유입으로 인한 배수장 용량부족으로 침수", "reference_score": 39.660083, "reference_source": "MOIS Flood Trace Map 2002-2022"}}, {"type": "Feature", "geometry": {"type": "Point", "coordinates": [128.3285427555578, 37.1071553989122]}, "properties": {"objectid": 20546, "fldn_area": 19321, "fldn_grade": 4, "fldn_yr": 2020, "stdg_ctpv_cd": 43, "fldn_dst_nm": "2020년 집중호우", "fldn_cs_dtl_nm": "집중호우에 의한 침수 및 하천범람", "reference_score": 39.475998, "reference_source": "MOIS Flood Trace Map 2002-2022"}}, {"type": "Feature", "geometry": {"type": "Point", "coordinates": [126.77457660740372, 35.10043099508737]}, "properties": {"objectid": 18725, "fldn_area": 19118, "fldn_grade": 4, "fldn_yr": 2020, "stdg_ctpv_cd": 29, "fldn_dst_nm": "2020년 집중호우", "fldn_cs_dtl_nm": "집중호우", "reference_score": 39.433752, "reference_source": "MOIS Flood Trace Map 2002-2022"}}, {"type": "Feature", "geometry": {"type": "Point", "coordinates": [126.46702976521885, 37.79657375631524]}, "properties": {"objectid": 7044, "fldn_area": 509561, "fldn_grade": 3, "fldn_yr": 2010, "stdg_ctpv_cd": 28, "fldn_dst_nm": "집중호우", "fldn_cs_dtl_nm": "집중호우", "reference_score": 39.42392, "reference_source": "MOIS Flood Trace Map 2002-2022"}}, {"type": "Feature", "geometry": {"type": "Point", "coordinates": [126.47886080781407, 34.448395725065026]}, "properties": {"objectid": 17638, "fldn_area": 18306, "fldn_grade": 4, "fldn_yr": 2019, "stdg_ctpv_cd": 46, "fldn_dst_nm": "2018년 태풍 솔릭", "fldn_cs_dtl_nm": "집중호우로 인한 배수로범람", "reference_score": 39.260155, "reference_source": "MOIS Flood Trace Map 2002-2022"}}, {"type": "Feature", "geometry": {"type": "Point", "coordinates": [126.77431802315907, 36.37934894904973]}, "properties": {"objectid": 34411, "fldn_area": 687, "fldn_grade": 6, "fldn_yr": 2022, "stdg_ctpv_cd": 44, "fldn_dst_nm": "8.8.~8.17. 호우", "fldn_cs_dtl_nm": "집중호우로 인한 내수침수", "reference_score": 39.202733, "reference_source": "MOIS Flood Trace Map 2002-2022"}}, {"type": "Feature", "geometry": {"type": "Point", "coordinates": [129.2486986733899, 36.80474685718164]}, "properties": {"objectid": 17418, "fldn_area": 2435, "fldn_grade": 5, "fldn_yr": 2019, "stdg_ctpv_cd": 47, "fldn_dst_nm": "제18호태풍미탁", "fldn_cs_dtl_nm": "하천범람", "reference_score": 38.990563, "reference_source": "MOIS Flood Trace Map 2002-2022"}}, {"type": "Feature", "geometry": {"type": "Point", "coordinates": [129.25809423747236, 36.82756915343106]}, "properties": {"objectid": 17457, "fldn_area": 2433, "fldn_grade": 5, "fldn_yr": 2019, "stdg_ctpv_cd": 47, "fldn_dst_nm": "제18호태풍미탁", "fldn_cs_dtl_nm": "하천범람", "reference_score": 38.986456, "reference_source": "MOIS Flood Trace Map 2002-2022"}}, {"type": "Feature", "geometry": {"type": "Point", "coordinates": [127.63386239970295, 37.3776040778525]}, "properties": {"objectid": 10735, "fldn_area": 16746, "fldn_grade": 4, "fldn_yr": 2013, "stdg_ctpv_cd": 41, "fldn_dst_nm": "7.22~7.23집중호우", "fldn_cs_dtl_nm": "하천범람 및 내수침수", "reference_score": 38.903898, "reference_source": "MOIS Flood Trace Map 2002-2022"}}, {"type": "Feature", "geometry": {"type": "Point", "coordinates": [127.74434544601425, 36.02534204999142]}, "properties": {"objectid": 22070, "fldn_area": 16600, "fldn_grade": 4, "fldn_yr": 2020, "stdg_ctpv_cd": 45, "fldn_dst_nm": "집중호우에의한침수", "fldn_cs_dtl_nm": "집중호우에따른침수", "reference_score": 38.868873, "reference_source": "MOIS Flood Trace Map 2002-2022"}}, {"type": "Feature", "geometry": {"type": "Point", "coordinates": [126.77410882246915, 36.370703958077755]}, "properties": {"objectid": 34503, "fldn_area": 2310, "fldn_grade": 5, "fldn_yr": 2022, "stdg_ctpv_cd": 44, "fldn_dst_nm": "8.8.~8.17. 호우", "fldn_cs_dtl_nm": "집중호우로 인한 내수침수", "reference_score": 38.727178, "reference_source": "MOIS Flood Trace Map 2002-2022"}}, {"type": "Feature", "geometry": {"type": "Point", "coordinates": [127.41832271826536, 36.87935467106672]}, "properties": {"objectid": 16800, "fldn_area": 15903, "fldn_grade": 4, "fldn_yr": 2017, "stdg_ctpv_cd": 43, "fldn_dst_nm": "7.14~16 호우", "fldn_cs_dtl_nm": "집중호우로 인한  구거 범람", "reference_score": 38.697304, "reference_source": "MOIS Flood Trace Map 2002-2022"}}, {"type": "Feature", "geometry": {"type": "Point", "coordinates": [127.08333437429881, 35.270207762260156]}, "properties": {"objectid": 21461, "fldn_area": 15883, "fldn_grade": 4, "fldn_yr": 2020, "stdg_ctpv_cd": 46, "fldn_dst_nm": "집중호우", "fldn_cs_dtl_nm": "집중호우로 인한 영산강 범람", "reference_score": 38.69227, "reference_source": "MOIS Flood Trace Map 2002-2022"}}, {"type": "Feature", "geometry": {"type": "Point", "coordinates": [127.82200803220478, 35.63480921706991]}, "properties": {"objectid": 10173, "fldn_area": 15724, "fldn_grade": 4, "fldn_yr": 2012, "stdg_ctpv_cd": 48, "fldn_dst_nm": "태풍'산바'", "fldn_cs_dtl_nm": "태풍으로 인한 집중호우", "reference_score": 38.652028, "reference_source": "MOIS Flood Trace Map 2002-2022"}}, {"type": "Feature", "geometry": {"type": "Point", "coordinates": [126.73035535828747, 37.6328620390495]}, "properties": {"objectid": 1458, "fldn_area": 392402, "fldn_grade": 3, "fldn_yr": 2006, "stdg_ctpv_cd": 41, "fldn_dst_nm": "수해(집중호우에 의한 농경지 침수)", "fldn_cs_dtl_nm": "낮은 지형과 향산배수 펌프장 배수용량 부족으로 내수에 의한 침수", "reference_score": 38.640134, "reference_source": "MOIS Flood Trace Map 2002-2022"}}]}