{"type": "FeatureCollection", "metadata": {"source_name": "MOIS Seoul Flood Trace Map (2002-2022)", "source_url": "https://portal.esrikr.com/arcgis/rest/services/Hosted/Flood_2002_2022/FeatureServer", "selection_method": "top 300 grid-deduplicated Seoul centroids", "grid_deg": 0.003, "candidate_features_seen": 9002, "selected_features": 300}, "features": [{"type": "Feature", "geometry": {"type": "Point", "coordinates": [127.02261431620055, 37.49734528348271]}, "properties": {"objectid": 30154, "fldn_area": 33189, "fldn_grade": 4, "fldn_yr": 2022, "fldn_dst_nm": "2022년 8월 집중호우", "fldn_cs_dtl_nm": "침수", "reference_score": 42.300016, "reference_source": "MOIS Seoul Flood Trace Map 2002-2022"}}, {"type": "Feature", "geometry": {"type": "Point", "coordinates": [127.02267053289361, 37.50017569090786]}, "properties": {"objectid": 29568, "fldn_area": 14980, "fldn_grade": 4, "fldn_yr": 2022, "fldn_dst_nm": "2022년 8월 집중호우", "fldn_cs_dtl_nm": "침수", "reference_score": 39.118152, "reference_source": "MOIS Seoul Flood Trace Map 2002-2022"}}, {"type": "Feature", "geometry": {"type": "Point", "coordinates": [127.02510728448367, 37.49894806315365]}, "properties": {"objectid": 29613, "fldn_area": 5723, "fldn_grade": 4, "fldn_yr": 2022, "fldn_dst_nm": "2022년 8월 집중호우", "fldn_cs_dtl_nm": "침수", "reference_score": 35.269693, "reference_source": "MOIS Seoul Flood Trace Map 2002-2022"}}, {"type": "Feature", "geometry": {"type": "Point", "coordinates": [127.02452818175574, 37.49749951211171]}, "properties": {"objectid": 31619, "fldn_area": 4284, "fldn_grade": 4, "fldn_yr": 2022, "fldn_dst_nm": "2022년 8월 집중호우", "fldn_cs_dtl_nm": "침수", "reference_score": 34.111503, "reference_source": "MOIS Seoul Flood Trace Map 2002-2022"}}, {"type": "Feature", "geometry": {"type": "Point", "coordinates": [127.05298247448208, 37.637860398150394]}, "properties": {"objectid": 16483, "fldn_area": 479, "fldn_grade": 5, "fldn_yr": 2018, "fldn_dst_nm": "태풍 솔릭", "fldn_cs_dtl_nm": null, "reference_score": 31.408931, "reference_source": "MOIS Seoul Flood Trace Map 2002-2022"}}, {"type": "Feature", "geometry": {"type": "Point", "coordinates": [126.94107208390545, 37.504720152590366]}, "properties": {"objectid": 36830, "fldn_area": 24509, "fldn_grade": 3, "fldn_yr": 2022, "fldn_dst_nm": "2022년 8월 집중호우", "fldn_cs_dtl_nm": "배수용량 초과", "reference_score": 30.980509, "reference_source": "MOIS Seoul Flood Trace Map 2002-2022"}}, {"type": "Feature", "geometry": {"type": "Point", "coordinates": [126.9068437211845, 37.48752143681097]}, "properties": {"objectid": 37080, "fldn_area": 24345, "fldn_grade": 3, "fldn_yr": 2022, "fldn_dst_nm": "2022년 8월 집중호우", "fldn_cs_dtl_nm": "배수용량초과", "reference_score": 30.960369, "reference_source": "MOIS Seoul Flood Trace Map 2002-2022"}}, {"type": "Feature", "geometry": {"type": "Point", "coordinates": [126.90517317769513, 37.48630361017336]}, "properties": {"objectid": 37815, "fldn_area": 10337, "fldn_grade": 3, "fldn_yr": 2022, "fldn_dst_nm": "2022년 8월 집중호우", "fldn_cs_dtl_nm": "배수용량초과", "reference_score": 28.390745, "reference_source": "MOIS Seoul Flood Trace Map 2002-2022"}}, {"type": "Feature", "geometry": {"type": "Point", "coordinates": [126.93134283687664, 37.499746357660975]}, "properties": {"objectid": 36809, "fldn_area": 9728, "fldn_grade": 3, "fldn_yr": 2022, "fldn_dst_nm": "2022년 8월 집중호우", "fldn_cs_dtl_nm": "배수용량초과", "reference_score": 28.208599, "reference_source": "MOIS Seoul Flood Trace Map 2002-2022"}}, {"type": "Feature", "geometry": {"type": "Point", "coordinates": [126.93183558241728, 37.500545841685806]}, "properties": {"objectid": 37527, "fldn_area": 8899, "fldn_grade": 3, "fldn_yr": 2022, "fldn_dst_nm": "2022년 8월 집중호우", "fldn_cs_dtl_nm": "배수용량초과", "reference_score": 27.94142, "reference_source": "MOIS Seoul Flood Trace Map 2002-2022"}}, {"type": "Feature", "geometry": {"type": "Point", "coordinates": [127.02149326365364, 37.49757459943628]}, "properties": {"objectid": 29874, "fldn_area": 728, "fldn_grade": 4, "fldn_yr": 2022, "fldn_dst_nm": "2022년 8월 집중호우", "fldn_cs_dtl_nm": "침수", "reference_score": 27.026695, "reference_source": "MOIS Seoul Flood Trace Map 2002-2022"}}, {"type": "Feature", "geometry": {"type": "Point", "coordinates": [126.92223732179679, 37.49797169621696]}, "properties": {"objectid": 37877, "fldn_area": 5971, "fldn_grade": 3, "fldn_yr": 2022, "fldn_dst_nm": "2022년 8월 집중호우", "fldn_cs_dtl_nm": "배수용량 초과", "reference_score": 26.744511, "reference_source": "MOIS Seoul Flood Trace Map 2002-2022"}}, {"type": "Feature", "geometry": {"type": "Point", "coordinates": [126.93597220441468, 37.5015701690588]}, "properties": {"objectid": 36813, "fldn_area": 5571, "fldn_grade": 3, "fldn_yr": 2022, "fldn_dst_nm": "2022년 8월 집중호우", "fldn_cs_dtl_nm": "배수용량 초과", "reference_score": 26.536528, "reference_source": "MOIS Seoul Flood Trace Map 2002-2022"}}, {"type": "Feature", "geometry": {"type": "Point", "coordinates": [126.9335969036446, 37.501618778505836]}, "properties": {"objectid": 37589, "fldn_area": 4706, "fldn_grade": 3, "fldn_yr": 2022, "fldn_dst_nm": "2022년 8월 집중호우", "fldn_cs_dtl_nm": "배수용량초과", "reference_score": 26.030418, "reference_source": "MOIS Seoul Flood Trace Map 2002-2022"}}, {"type": "Feature", "geometry": {"type": "Point", "coordinates": [126.91150644725795, 37.48730339227568]}, "properties": {"objectid": 37357, "fldn_area": 4296, "fldn_grade": 3, "fldn_yr": 2022, "fldn_dst_nm": "2022년 8월 집중호우", "fldn_cs_dtl_nm": "배수용량 초과", "reference_score": 25.757017, "reference_source": "MOIS Seoul Flood Trace Map 2002-2022"}}, {"type": "Feature", "geometry": {"type": "Point", "coordinates": [126.90920194734197, 37.48735766487513]}, "properties": {"objectid": 37359, "fldn_area": 4203, "fldn_grade": 3, "fldn_yr": 2022, "fldn_dst_nm": "2022년 8월 집중호우", "fldn_cs_dtl_nm": "배수용량 초과", "reference_score": 25.691375, "reference_source": "MOIS Seoul Flood Trace Map 2002-2022"}}, {"type": "Feature", "geometry": {"type": "Point", "coordinates": [126.78156476076254, 37.55241609129402]}, "properties": {"objectid": 34999, "fldn_area": 3048, "fldn_grade": 3, "fldn_yr": 2022, "fldn_dst_nm": "2022년 8월 집중호우", "fldn_cs_dtl_nm": "제외지 농경지", "reference_score": 24.727707, "reference_source": "MOIS Seoul Flood Trace Map 2002-2022"}}, {"type": "Feature", "geometry": {"type": "Point", "coordinates": [126.93546086961027, 37.5012838533893]}, "properties": {"objectid": 36644, "fldn_area": 2922, "fldn_grade": 3, "fldn_yr": 2022, "fldn_dst_nm": "2022년 8월 집중호우", "fldn_cs_dtl_nm": "배수용량초과", "reference_score": 24.601097, "reference_source": "MOIS Seoul Flood Trace Map 2002-2022"}}, {"type": "Feature", "geometry": {"type": "Point", "coordinates": [126.94553029760345, 37.5040415197188]}, "properties": {"objectid": 36698, "fldn_area": 2544, "fldn_grade": 3, "fldn_yr": 2022, "fldn_dst_nm": "2022년 8월 집중호우", "fldn_cs_dtl_nm": "배수용량 초과", "reference_score": 24.185658, "reference_source": "MOIS Seoul Flood Trace Map 2002-2022"}}, {"type": "Feature", "geometry": {"type": "Point", "coordinates": [126.81824724323404, 37.583900707223236]}, "properties": {"objectid": 35869, "fldn_area": 2054, "fldn_grade": 3, "fldn_yr": 2022, "fldn_dst_nm": "2022년 8월 집중호우", "fldn_cs_dtl_nm": "내수침수", "reference_score": 23.544093, "reference_source": "MOIS Seoul Flood Trace Map 2002-2022"}}, {"type": "Feature", "geometry": {"type": "Point", "coordinates": [126.93197012288516, 37.49592537606772]}, "properties": {"objectid": 35345, "fldn_area": 1840, "fldn_grade": 3, "fldn_yr": 2022, "fldn_dst_nm": "2022년 8월 집중호우", "fldn_cs_dtl_nm": "배수용량초과", "reference_score": 23.214193, "reference_source": "MOIS Seoul Flood Trace Map 2002-2022"}}, {"type": "Feature", "geometry": {"type": "Point", "coordinates": [126.94053848015085, 37.49957144156551]}, "properties": {"objectid": 36595, "fldn_area": 1818, "fldn_grade": 3, "fldn_yr": 2022, "fldn_dst_nm": "2022년 8월 집중호우", "fldn_cs_dtl_nm": null, "reference_score": 23.178127, "reference_source": "MOIS Seoul Flood Trace Map 2002-2022"}}, {"type": "Feature", "geometry": {"type": "Point", "coordinates": [126.81917096305594, 37.58248952079975]}, "properties": {"objectid": 35873, "fldn_area": 1771, "fldn_grade": 3, "fldn_yr": 2022, "fldn_dst_nm": "2022년 8월 집중호우", "fldn_cs_dtl_nm": "내수침수", "reference_score": 23.099592, "reference_source": "MOIS Seoul Flood Trace Map 2002-2022"}}, {"type": "Feature", "geometry": {"type": "Point", "coordinates": [126.93870489298271, 37.50427131633479]}, "properties": {"objectid": 36833, "fldn_area": 1771, "fldn_grade": 3, "fldn_yr": 2022, "fldn_dst_nm": "2022년 8월 집중호우", "fldn_cs_dtl_nm": "배수용량초과", "reference_score": 23.099592, "reference_source": "MOIS Seoul Flood Trace Map 2002-2022"}}, {"type": "Feature", "geometry": {"type": "Point", "coordinates": [126.92644484666825, 37.49855201077008]}, "properties": {"objectid": 24437, "fldn_area": 1747, "fldn_grade": 3, "fldn_yr": 2022, "fldn_dst_nm": "2022년 8월 집중호우", "fldn_cs_dtl_nm": "배수용량 초과", "reference_score": 23.058683, "reference_source": "MOIS Seoul Flood Trace Map 2002-2022"}}, {"type": "Feature", "geometry": {"type": "Point", "coordinates": [126.79484285276769, 37.56820112015163]}, "properties": {"objectid": 34931, "fldn_area": 1729, "fldn_grade": 3, "fldn_yr": 2022, "fldn_dst_nm": "2022년 8월 집중호우", "fldn_cs_dtl_nm": "내수침수", "reference_score": 23.02763, "reference_source": "MOIS Seoul Flood Trace Map 2002-2022"}}, {"type": "Feature", "geometry": {"type": "Point", "coordinates": [126.93116266725522, 37.49682470156888]}, "properties": {"objectid": 36295, "fldn_area": 1720, "fldn_grade": 3, "fldn_yr": 2022, "fldn_dst_nm": "2022년 8월 집중호우", "fldn_cs_dtl_nm": "배수용량초과", "reference_score": 23.011982, "reference_source": "MOIS Seoul Flood Trace Map 2002-2022"}}, {"type": "Feature", "geometry": {"type": "Point", "coordinates": [126.93991605514688, 37.50468995020076]}, "properties": {"objectid": 36643, "fldn_area": 1592, "fldn_grade": 3, "fldn_yr": 2022, "fldn_dst_nm": "2022년 8월 집중호우", "fldn_cs_dtl_nm": "배수용량초과", "reference_score": 22.780123, "reference_source": "MOIS Seoul Flood Trace Map 2002-2022"}}, {"type": "Feature", "geometry": {"type": "Point", "coordinates": [126.93850109234701, 37.50080887141503]}, "properties": {"objectid": 35996, "fldn_area": 1564, "fldn_grade": 3, "fldn_yr": 2022, "fldn_dst_nm": "2022년 8월 집중호우", "fldn_cs_dtl_nm": "배수용량초과", "reference_score": 22.726923, "reference_source": "MOIS Seoul Flood Trace Map 2002-2022"}}, {"type": "Feature", "geometry": {"type": "Point", "coordinates": [126.81644909643998, 37.58525621924736]}, "properties": {"objectid": 35870, "fldn_area": 1556, "fldn_grade": 3, "fldn_yr": 2022, "fldn_dst_nm": "2022년 8월 집중호우", "fldn_cs_dtl_nm": "내수침수", "reference_score": 22.711549, "reference_source": "MOIS Seoul Flood Trace Map 2002-2022"}}, {"type": "Feature", "geometry": {"type": "Point", "coordinates": [127.02617787383721, 37.489087160128705]}, "properties": {"objectid": 29567, "fldn_area": 60419, "fldn_grade": 2, "fldn_yr": 2022, "fldn_dst_nm": "2022년 8월 집중호우", "fldn_cs_dtl_nm": "침수", "reference_score": 22.678151, "reference_source": "MOIS Seoul Flood Trace Map 2002-2022"}}, {"type": "Feature", "geometry": {"type": "Point", "coordinates": [126.92876962483072, 37.488745356086156]}, "properties": {"objectid": 36239, "fldn_area": 58548, "fldn_grade": 2, "fldn_yr": 2022, "fldn_dst_nm": "2022년 8월 집중호우", "fldn_cs_dtl_nm": "배수용량초과", "reference_score": 22.615239, "reference_source": "MOIS Seoul Flood Trace Map 2002-2022"}}, {"type": "Feature", "geometry": {"type": "Point", "coordinates": [126.90847283690617, 37.4864394463935]}, "properties": {"objectid": 37350, "fldn_area": 1451, "fldn_grade": 3, "fldn_yr": 2022, "fldn_dst_nm": "2022년 8월 집중호우", "fldn_cs_dtl_nm": "배수용량초과", "reference_score": 22.502092, "reference_source": "MOIS Seoul Flood Trace Map 2002-2022"}}, {"type": "Feature", "geometry": {"type": "Point", "coordinates": [126.93973296220538, 37.48451706389112]}, "properties": {"objectid": 37190, "fldn_area": 52609, "fldn_grade": 2, "fldn_yr": 2022, "fldn_dst_nm": "2022년 8월 집중호우", "fldn_cs_dtl_nm": "배수용량초과", "reference_score": 22.401323, "reference_source": "MOIS Seoul Flood Trace Map 2002-2022"}}, {"type": "Feature", "geometry": {"type": "Point", "coordinates": [127.02832847044056, 37.490535993026285]}, "properties": {"objectid": 29289, "fldn_area": 51270, "fldn_grade": 2, "fldn_yr": 2022, "fldn_dst_nm": "2022년 8월 집중호우", "fldn_cs_dtl_nm": "침수", "reference_score": 22.349761, "reference_source": "MOIS Seoul Flood Trace Map 2002-2022"}}, {"type": "Feature", "geometry": {"type": "Point", "coordinates": [127.06012413827118, 37.49344253413437]}, "properties": {"objectid": 29755, "fldn_area": 46058, "fldn_grade": 2, "fldn_yr": 2022, "fldn_dst_nm": "2022년 8월 집중호우", "fldn_cs_dtl_nm": "배수용량초과", "reference_score": 22.135357, "reference_source": "MOIS Seoul Flood Trace Map 2002-2022"}}, {"type": "Feature", "geometry": {"type": "Point", "coordinates": [126.78456495369267, 37.55035925474744]}, "properties": {"objectid": 35000, "fldn_area": 1273, "fldn_grade": 3, "fldn_yr": 2022, "fldn_dst_nm": "2022년 8월 집중호우", "fldn_cs_dtl_nm": "제외지 농경지", "reference_score": 22.109751, "reference_source": "MOIS Seoul Flood Trace Map 2002-2022"}}, {"type": "Feature", "geometry": {"type": "Point", "coordinates": [127.0281803368162, 37.49705652843514]}, "properties": {"objectid": 29608, "fldn_area": 44306, "fldn_grade": 2, "fldn_yr": 2022, "fldn_dst_nm": "2022년 8.8.~8.17. 호우", "fldn_cs_dtl_nm": "내수침수", "reference_score": 22.057796, "reference_source": "MOIS Seoul Flood Trace Map 2002-2022"}}, {"type": "Feature", "geometry": {"type": "Point", "coordinates": [126.81486817280478, 37.58565363746737]}, "properties": {"objectid": 34862, "fldn_area": 1236, "fldn_grade": 3, "fldn_yr": 2022, "fldn_dst_nm": "2022년 8월 집중호우", "fldn_cs_dtl_nm": "내수침수", "reference_score": 22.021333, "reference_source": "MOIS Seoul Flood Trace Map 2002-2022"}}, {"type": "Feature", "geometry": {"type": "Point", "coordinates": [126.88853406286742, 37.49738226498762]}, "properties": {"objectid": 35379, "fldn_area": 1137, "fldn_grade": 3, "fldn_yr": 2022, "fldn_dst_nm": null, "fldn_cs_dtl_nm": null, "reference_score": 21.771083, "reference_source": "MOIS Seoul Flood Trace Map 2002-2022"}}, {"type": "Feature", "geometry": {"type": "Point", "coordinates": [127.14824519842927, 37.551112117679935]}, "properties": {"objectid": 29786, "fldn_area": 34154, "fldn_grade": 2, "fldn_yr": 2022, "fldn_dst_nm": "9월 태풍 힌남노", "fldn_cs_dtl_nm": "집중호우", "reference_score": 21.537329, "reference_source": "MOIS Seoul Flood Trace Map 2002-2022"}}, {"type": "Feature", "geometry": {"type": "Point", "coordinates": [127.01768639831782, 37.50540419105834]}, "properties": {"objectid": 31202, "fldn_area": 31707, "fldn_grade": 2, "fldn_yr": 2022, "fldn_dst_nm": "2022년 8월 집중호우", "fldn_cs_dtl_nm": "침수", "reference_score": 21.388649, "reference_source": "MOIS Seoul Flood Trace Map 2002-2022"}}, {"type": "Feature", "geometry": {"type": "Point", "coordinates": [127.05811865868267, 37.63173695116678]}, "properties": {"objectid": 16480, "fldn_area": 182, "fldn_grade": 4, "fldn_yr": 2018, "fldn_dst_nm": "태풍 솔릭", "fldn_cs_dtl_nm": null, "reference_score": 21.377945, "reference_source": "MOIS Seoul Flood Trace Map 2002-2022"}}, {"type": "Feature", "geometry": {"type": "Point", "coordinates": [127.02284686831705, 37.49174248813421]}, "properties": {"objectid": 30029, "fldn_area": 30513, "fldn_grade": 2, "fldn_yr": 2022, "fldn_dst_nm": "2022년 8월 집중호우", "fldn_cs_dtl_nm": "침수", "reference_score": 21.311882, "reference_source": "MOIS Seoul Flood Trace Map 2002-2022"}}, {"type": "Feature", "geometry": {"type": "Point", "coordinates": [126.92480326077694, 37.502374206435285]}, "properties": {"objectid": 24845, "fldn_area": 29160, "fldn_grade": 2, "fldn_yr": 2022, "fldn_dst_nm": "2022년 8월 집중호우", "fldn_cs_dtl_nm": "배수용량 초과", "reference_score": 21.221175, "reference_source": "MOIS Seoul Flood Trace Map 2002-2022"}}, {"type": "Feature", "geometry": {"type": "Point", "coordinates": [127.04560741347066, 37.466445411632044]}, "properties": {"objectid": 29576, "fldn_area": 28070, "fldn_grade": 2, "fldn_yr": 2022, "fldn_dst_nm": "2022년 8월 집중호우", "fldn_cs_dtl_nm": "침수", "reference_score": 21.144985, "reference_source": "MOIS Seoul Flood Trace Map 2002-2022"}}, {"type": "Feature", "geometry": {"type": "Point", "coordinates": [127.1465338959027, 37.53172468651935]}, "properties": {"objectid": 29284, "fldn_area": 27678, "fldn_grade": 2, "fldn_yr": 2022, "fldn_dst_nm": "8.8~8.17 호우", "fldn_cs_dtl_nm": "집중호우", "reference_score": 21.116859, "reference_source": "MOIS Seoul Flood Trace Map 2002-2022"}}, {"type": "Feature", "geometry": {"type": "Point", "coordinates": [127.03981928307375, 37.46937287427743]}, "properties": {"objectid": 30158, "fldn_area": 26434, "fldn_grade": 2, "fldn_yr": 2022, "fldn_dst_nm": "2022년 8월 집중호우", "fldn_cs_dtl_nm": "침수", "reference_score": 21.024888, "reference_source": "MOIS Seoul Flood Trace Map 2002-2022"}}, {"type": "Feature", "geometry": {"type": "Point", "coordinates": [126.976365901791, 37.476427605048166]}, "properties": {"objectid": 37039, "fldn_area": 25776, "fldn_grade": 2, "fldn_yr": 2022, "fldn_dst_nm": "2022년 8월 집중호우", "fldn_cs_dtl_nm": "배수용량 초과", "reference_score": 20.974476, "reference_source": "MOIS Seoul Flood Trace Map 2002-2022"}}, {"type": "Feature", "geometry": {"type": "Point", "coordinates": [126.80009294639629, 37.58783186533641]}, "properties": {"objectid": 35002, "fldn_area": 860, "fldn_grade": 3, "fldn_yr": 2022, "fldn_dst_nm": "2022년 8월 집중호우", "fldn_cs_dtl_nm": "제외지 농경지", "reference_score": 20.934284, "reference_source": "MOIS Seoul Flood Trace Map 2002-2022"}}, {"type": "Feature", "geometry": {"type": "Point", "coordinates": [127.02953474526798, 37.49358702509017]}, "properties": {"objectid": 29296, "fldn_area": 24932, "fldn_grade": 2, "fldn_yr": 2022, "fldn_dst_nm": "2022년 8월 집중호우", "fldn_cs_dtl_nm": "침수", "reference_score": 20.907895, "reference_source": "MOIS Seoul Flood Trace Map 2002-2022"}}, {"type": "Feature", "geometry": {"type": "Point", "coordinates": [126.8866093629514, 37.5012957257027]}, "properties": {"objectid": 35454, "fldn_area": 838, "fldn_grade": 3, "fldn_yr": 2022, "fldn_dst_nm": null, "fldn_cs_dtl_nm": null, "reference_score": 20.856632, "reference_source": "MOIS Seoul Flood Trace Map 2002-2022"}}, {"type": "Feature", "geometry": {"type": "Point", "coordinates": [126.90910941134283, 37.4903698387846]}, "properties": {"objectid": 36901, "fldn_area": 820, "fldn_grade": 3, "fldn_yr": 2022, "fldn_dst_nm": "2022년 8월 집중호우", "fldn_cs_dtl_nm": "배수용량초과", "reference_score": 20.791569, "reference_source": "MOIS Seoul Flood Trace Map 2002-2022"}}, {"type": "Feature", "geometry": {"type": "Point", "coordinates": [126.88740783672743, 37.4829430720104]}, "properties": {"objectid": 34875, "fldn_area": 819, "fldn_grade": 3, "fldn_yr": 2022, "fldn_dst_nm": null, "fldn_cs_dtl_nm": null, "reference_score": 20.787913, "reference_source": "MOIS Seoul Flood Trace Map 2002-2022"}}, {"type": "Feature", "geometry": {"type": "Point", "coordinates": [127.1482422179588, 37.53540104313116]}, "properties": {"objectid": 29285, "fldn_area": 21552, "fldn_grade": 2, "fldn_yr": 2022, "fldn_dst_nm": "8.8~8.17 호우", "fldn_cs_dtl_nm": "집중호우", "reference_score": 20.616541, "reference_source": "MOIS Seoul Flood Trace Map 2002-2022"}}, {"type": "Feature", "geometry": {"type": "Point", "coordinates": [126.88775208357916, 37.50271422483336]}, "properties": {"objectid": 35768, "fldn_area": 770, "fldn_grade": 3, "fldn_yr": 2022, "fldn_dst_nm": null, "fldn_cs_dtl_nm": null, "reference_score": 20.603065, "reference_source": "MOIS Seoul Flood Trace Map 2002-2022"}}, {"type": "Feature", "geometry": {"type": "Point", "coordinates": [127.1582356865433, 37.54662812655593]}, "properties": {"objectid": 30028, "fldn_area": 20490, "fldn_grade": 2, "fldn_yr": 2022, "fldn_dst_nm": "8.8~8.17 호우", "fldn_cs_dtl_nm": "집중호우", "reference_score": 20.515482, "reference_source": "MOIS Seoul Flood Trace Map 2002-2022"}}, {"type": "Feature", "geometry": {"type": "Point", "coordinates": [127.02622998768254, 37.4927170204163]}, "properties": {"objectid": 30148, "fldn_area": 19447, "fldn_grade": 2, "fldn_yr": 2022, "fldn_dst_nm": "2022년 8월 집중호우", "fldn_cs_dtl_nm": "침수", "reference_score": 20.410999, "reference_source": "MOIS Seoul Flood Trace Map 2002-2022"}}, {"type": "Feature", "geometry": {"type": "Point", "coordinates": [127.02801759247005, 37.48845103581113]}, "properties": {"objectid": 29791, "fldn_area": 19036, "fldn_grade": 2, "fldn_yr": 2022, "fldn_dst_nm": "2022년 8월 집중호우", "fldn_cs_dtl_nm": "침수", "reference_score": 20.368279, "reference_source": "MOIS Seoul Flood Trace Map 2002-2022"}}, {"type": "Feature", "geometry": {"type": "Point", "coordinates": [127.04388372383809, 37.4643777165426]}, "properties": {"objectid": 29368, "fldn_area": 19003, "fldn_grade": 2, "fldn_yr": 2022, "fldn_dst_nm": "2022년 8월 집중호우", "fldn_cs_dtl_nm": "침수", "reference_score": 20.36481, "reference_source": "MOIS Seoul Flood Trace Map 2002-2022"}}, {"type": "Feature", "geometry": {"type": "Point", "coordinates": [126.98379723604118, 37.476247129948206]}, "properties": {"objectid": 31754, "fldn_area": 17071, "fldn_grade": 2, "fldn_yr": 2022, "fldn_dst_nm": "2022년 8월 집중호우", "fldn_cs_dtl_nm": "침수", "reference_score": 20.15039, "reference_source": "MOIS Seoul Flood Trace Map 2002-2022"}}, {"type": "Feature", "geometry": {"type": "Point", "coordinates": [126.98772094965786, 37.4919646293766]}, "properties": {"objectid": 31557, "fldn_area": 16191, "fldn_grade": 2, "fldn_yr": 2022, "fldn_dst_nm": "2022년 8월 집중호우", "fldn_cs_dtl_nm": "침수", "reference_score": 20.044545, "reference_source": "MOIS Seoul Flood Trace Map 2002-2022"}}, {"type": "Feature", "geometry": {"type": "Point", "coordinates": [126.9811619331276, 37.48517029778617]}, "properties": {"objectid": 24638, "fldn_area": 15613, "fldn_grade": 2, "fldn_yr": 2022, "fldn_dst_nm": "2022년 8월 집중호우", "fldn_cs_dtl_nm": "배수용량 초과", "reference_score": 19.971846, "reference_source": "MOIS Seoul Flood Trace Map 2002-2022"}}, {"type": "Feature", "geometry": {"type": "Point", "coordinates": [127.15979784355191, 37.55064964278221]}, "properties": {"objectid": 30022, "fldn_area": 15204, "fldn_grade": 2, "fldn_yr": 2022, "fldn_dst_nm": "8.8~8.17 호우", "fldn_cs_dtl_nm": "집중호우", "reference_score": 19.918759, "reference_source": "MOIS Seoul Flood Trace Map 2002-2022"}}, {"type": "Feature", "geometry": {"type": "Point", "coordinates": [127.00669506128389, 37.50332606426553]}, "properties": {"objectid": 31658, "fldn_area": 13779, "fldn_grade": 2, "fldn_yr": 2022, "fldn_dst_nm": "2022년 8월 집중호우", "fldn_cs_dtl_nm": "침수", "reference_score": 19.721947, "reference_source": "MOIS Seoul Flood Trace Map 2002-2022"}}, {"type": "Feature", "geometry": {"type": "Point", "coordinates": [126.98165778907213, 37.48043447873785]}, "properties": {"objectid": 24404, "fldn_area": 12985, "fldn_grade": 2, "fldn_yr": 2022, "fldn_dst_nm": "2022년 8월 집중호우", "fldn_cs_dtl_nm": "배수용량 초과", "reference_score": 19.603254, "reference_source": "MOIS Seoul Flood Trace Map 2002-2022"}}, {"type": "Feature", "geometry": {"type": "Point", "coordinates": [127.00672335509591, 37.48324482872249]}, "properties": {"objectid": 29658, "fldn_area": 12444, "fldn_grade": 2, "fldn_yr": 2022, "fldn_dst_nm": "2022년 8월 집중호우", "fldn_cs_dtl_nm": "침수", "reference_score": 19.518148, "reference_source": "MOIS Seoul Flood Trace Map 2002-2022"}}, {"type": "Feature", "geometry": {"type": "Point", "coordinates": [126.98021699990714, 37.48234254056433]}, "properties": {"objectid": 24447, "fldn_area": 12108, "fldn_grade": 2, "fldn_yr": 2022, "fldn_dst_nm": "2022년 8월 집중호우", "fldn_cs_dtl_nm": "배수용량초과", "reference_score": 19.463409, "reference_source": "MOIS Seoul Flood Trace Map 2002-2022"}}, {"type": "Feature", "geometry": {"type": "Point", "coordinates": [127.04147048797316, 37.46726917096904]}, "properties": {"objectid": 29914, "fldn_area": 11593, "fldn_grade": 2, "fldn_yr": 2022, "fldn_dst_nm": "2022년 8월 집중호우", "fldn_cs_dtl_nm": "침수", "reference_score": 19.376486, "reference_source": "MOIS Seoul Flood Trace Map 2002-2022"}}, {"type": "Feature", "geometry": {"type": "Point", "coordinates": [126.9879456747818, 37.49820944856218]}, "properties": {"objectid": 31945, "fldn_area": 11126, "fldn_grade": 2, "fldn_yr": 2022, "fldn_dst_nm": "2022년 8월 집중호우", "fldn_cs_dtl_nm": "침수", "reference_score": 19.29426, "reference_source": "MOIS Seoul Flood Trace Map 2002-2022"}}, {"type": "Feature", "geometry": {"type": "Point", "coordinates": [126.92268302326926, 37.499052407321194]}, "properties": {"objectid": 37262, "fldn_area": 11057, "fldn_grade": 2, "fldn_yr": 2022, "fldn_dst_nm": "2022년 8월 집중호우", "fldn_cs_dtl_nm": "배수용량 초과", "reference_score": 19.281819, "reference_source": "MOIS Seoul Flood Trace Map 2002-2022"}}, {"type": "Feature", "geometry": {"type": "Point", "coordinates": [127.01733829518622, 37.49487446100722]}, "properties": {"objectid": 29353, "fldn_area": 10585, "fldn_grade": 2, "fldn_yr": 2022, "fldn_dst_nm": "2022년 8월 집중호우", "fldn_cs_dtl_nm": "침수", "reference_score": 19.194575, "reference_source": "MOIS Seoul Flood Trace Map 2002-2022"}}, {"type": "Feature", "geometry": {"type": "Point", "coordinates": [127.0291731418314, 37.486295802288495]}, "properties": {"objectid": 29909, "fldn_area": 9909, "fldn_grade": 2, "fldn_yr": 2022, "fldn_dst_nm": "2022년 8월 집중호우", "fldn_cs_dtl_nm": "침수", "reference_score": 19.062599, "reference_source": "MOIS Seoul Flood Trace Map 2002-2022"}}, {"type": "Feature", "geometry": {"type": "Point", "coordinates": [126.9865438576816, 37.49884545021403]}, "properties": {"objectid": 31721, "fldn_area": 9102, "fldn_grade": 2, "fldn_yr": 2022, "fldn_dst_nm": "2022년 8월 집중호우", "fldn_cs_dtl_nm": "침수", "reference_score": 18.892719, "reference_source": "MOIS Seoul Flood Trace Map 2002-2022"}}, {"type": "Feature", "geometry": {"type": "Point", "coordinates": [126.98535781348566, 37.49549201273527]}, "properties": {"objectid": 29486, "fldn_area": 8915, "fldn_grade": 2, "fldn_yr": 2022, "fldn_dst_nm": "2022년 8월 집중호우", "fldn_cs_dtl_nm": "침수", "reference_score": 18.851205, "reference_source": "MOIS Seoul Flood Trace Map 2002-2022"}}, {"type": "Feature", "geometry": {"type": "Point", "coordinates": [126.98534172612194, 37.49722896640842]}, "properties": {"objectid": 29883, "fldn_area": 8731, "fldn_grade": 2, "fldn_yr": 2022, "fldn_dst_nm": "2022년 8월 집중호우", "fldn_cs_dtl_nm": "침수", "reference_score": 18.809499, "reference_source": "MOIS Seoul Flood Trace Map 2002-2022"}}, {"type": "Feature", "geometry": {"type": "Point", "coordinates": [127.01057737445214, 37.492797295048966]}, "properties": {"objectid": 31207, "fldn_area": 8634, "fldn_grade": 2, "fldn_yr": 2022, "fldn_dst_nm": "2022년 8월 집중호우", "fldn_cs_dtl_nm": "침수", "reference_score": 18.787158, "reference_source": "MOIS Seoul Flood Trace Map 2002-2022"}}, {"type": "Feature", "geometry": {"type": "Point", "coordinates": [126.9932148342229, 37.48812699645537]}, "properties": {"objectid": 32841, "fldn_area": 8574, "fldn_grade": 2, "fldn_yr": 2022, "fldn_dst_nm": "2022년 8월 집중호우", "fldn_cs_dtl_nm": "침수", "reference_score": 18.773213, "reference_source": "MOIS Seoul Flood Trace Map 2002-2022"}}, {"type": "Feature", "geometry": {"type": "Point", "coordinates": [127.0064462585776, 37.50341273289782]}, "properties": {"objectid": 31881, "fldn_area": 8267, "fldn_grade": 2, "fldn_yr": 2022, "fldn_dst_nm": "2022년 8월 집중호우", "fldn_cs_dtl_nm": "침수", "reference_score": 18.700296, "reference_source": "MOIS Seoul Flood Trace Map 2002-2022"}}, {"type": "Feature", "geometry": {"type": "Point", "coordinates": [127.01915943788228, 37.512275736363925]}, "properties": {"objectid": 29487, "fldn_area": 8198, "fldn_grade": 2, "fldn_yr": 2022, "fldn_dst_nm": "2022년 8월 집중호우", "fldn_cs_dtl_nm": "침수", "reference_score": 18.683535, "reference_source": "MOIS Seoul Flood Trace Map 2002-2022"}}, {"type": "Feature", "geometry": {"type": "Point", "coordinates": [126.9855808883091, 37.493718083577704]}, "properties": {"objectid": 31158, "fldn_area": 7645, "fldn_grade": 2, "fldn_yr": 2022, "fldn_dst_nm": "2022년 8월 집중호우", "fldn_cs_dtl_nm": "침수", "reference_score": 18.543876, "reference_source": "MOIS Seoul Flood Trace Map 2002-2022"}}, {"type": "Feature", "geometry": {"type": "Point", "coordinates": [126.915550026168, 37.48734555800694]}, "properties": {"objectid": 36950, "fldn_area": 7642, "fldn_grade": 2, "fldn_yr": 2022, "fldn_dst_nm": "2022년 8월 집중호우", "fldn_cs_dtl_nm": "배수용량초과", "reference_score": 18.543091, "reference_source": "MOIS Seoul Flood Trace Map 2002-2022"}}, {"type": "Feature", "geometry": {"type": "Point", "coordinates": [126.98516967801025, 37.485742767413]}, "properties": {"objectid": 31604, "fldn_area": 7590, "fldn_grade": 2, "fldn_yr": 2022, "fldn_dst_nm": "2022년 8월 집중호우", "fldn_cs_dtl_nm": "침수", "reference_score": 18.529437, "reference_source": "MOIS Seoul Flood Trace Map 2002-2022"}}, {"type": "Feature", "geometry": {"type": "Point", "coordinates": [127.02192569595532, 37.50379235599823]}, "properties": {"objectid": 31248, "fldn_area": 7525, "fldn_grade": 2, "fldn_yr": 2022, "fldn_dst_nm": "2022년 8월 집중호우", "fldn_cs_dtl_nm": "침수", "reference_score": 18.512238, "reference_source": "MOIS Seoul Flood Trace Map 2002-2022"}}, {"type": "Feature", "geometry": {"type": "Point", "coordinates": [126.97285428176902, 37.48219714022113]}, "properties": {"objectid": 24373, "fldn_area": 7176, "fldn_grade": 2, "fldn_yr": 2022, "fldn_dst_nm": "2022년 8월 집중호우", "fldn_cs_dtl_nm": "배수용량 초과", "reference_score": 18.417273, "reference_source": "MOIS Seoul Flood Trace Map 2002-2022"}}, {"type": "Feature", "geometry": {"type": "Point", "coordinates": [126.98257301202847, 37.47808466996015]}, "properties": {"objectid": 31822, "fldn_area": 6771, "fldn_grade": 2, "fldn_yr": 2022, "fldn_dst_nm": "2022년 8월 집중호우", "fldn_cs_dtl_nm": "침수", "reference_score": 18.301103, "reference_source": "MOIS Seoul Flood Trace Map 2002-2022"}}, {"type": "Feature", "geometry": {"type": "Point", "coordinates": [126.9967215240448, 37.4828901318367]}, "properties": {"objectid": 29626, "fldn_area": 6711, "fldn_grade": 2, "fldn_yr": 2022, "fldn_dst_nm": "2022년 8월 집중호우", "fldn_cs_dtl_nm": "침수", "reference_score": 18.283304, "reference_source": "MOIS Seoul Flood Trace Map 2002-2022"}}, {"type": "Feature", "geometry": {"type": "Point", "coordinates": [126.98873512923359, 37.4954983288608]}, "properties": {"objectid": 32851, "fldn_area": 6631, "fldn_grade": 2, "fldn_yr": 2022, "fldn_dst_nm": "2022년 8월 집중호우", "fldn_cs_dtl_nm": "침수", "reference_score": 18.259323, "reference_source": "MOIS Seoul Flood Trace Map 2002-2022"}}, {"type": "Feature", "geometry": {"type": "Point", "coordinates": [127.01745842483436, 37.50094126941475]}, "properties": {"objectid": 31653, "fldn_area": 6631, "fldn_grade": 2, "fldn_yr": 2022, "fldn_dst_nm": "2022년 8월 집중호우", "fldn_cs_dtl_nm": "침수", "reference_score": 18.259323, "reference_source": "MOIS Seoul Flood Trace Map 2002-2022"}}, {"type": "Feature", "geometry": {"type": "Point", "coordinates": [126.99383606487982, 37.484639490912315]}, "properties": {"objectid": 29532, "fldn_area": 6477, "fldn_grade": 2, "fldn_yr": 2022, "fldn_dst_nm": "2022년 8월 집중호우", "fldn_cs_dtl_nm": "침수", "reference_score": 18.212334, "reference_source": "MOIS Seoul Flood Trace Map 2002-2022"}}, {"type": "Feature", "geometry": {"type": "Point", "coordinates": [126.91616638920564, 37.48552295723812]}, "properties": {"objectid": 37524, "fldn_area": 6159, "fldn_grade": 2, "fldn_yr": 2022, "fldn_dst_nm": "2022년 8월 집중호우", "fldn_cs_dtl_nm": "배수용량초과", "reference_score": 18.111664, "reference_source": "MOIS Seoul Flood Trace Map 2002-2022"}}, {"type": "Feature", "geometry": {"type": "Point", "coordinates": [127.02489745570955, 37.49149725690979]}, "properties": {"objectid": 29427, "fldn_area": 6025, "fldn_grade": 2, "fldn_yr": 2022, "fldn_dst_nm": "2022년 8월 집중호우", "fldn_cs_dtl_nm": "침수", "reference_score": 18.067677, "reference_source": "MOIS Seoul Flood Trace Map 2002-2022"}}, {"type": "Feature", "geometry": {"type": "Point", "coordinates": [127.01424057582858, 37.49104419885415]}, "properties": {"objectid": 32763, "fldn_area": 5947, "fldn_grade": 2, "fldn_yr": 2022, "fldn_dst_nm": "2022년 8월 집중호우", "fldn_cs_dtl_nm": "침수", "reference_score": 18.041621, "reference_source": "MOIS Seoul Flood Trace Map 2002-2022"}}, {"type": "Feature", "geometry": {"type": "Point", "coordinates": [126.98256439770398, 37.48283811401277]}, "properties": {"objectid": 29622, "fldn_area": 5931, "fldn_grade": 2, "fldn_yr": 2022, "fldn_dst_nm": "2022년 8월 집중호우", "fldn_cs_dtl_nm": "침수", "reference_score": 18.036233, "reference_source": "MOIS Seoul Flood Trace Map 2002-2022"}}, {"type": "Feature", "geometry": {"type": "Point", "coordinates": [126.99564593417568, 37.48458476224188]}, "properties": {"objectid": 31300, "fldn_area": 5915, "fldn_grade": 2, "fldn_yr": 2022, "fldn_dst_nm": "2022년 8월 집중호우", "fldn_cs_dtl_nm": "침수", "reference_score": 18.030832, "reference_source": "MOIS Seoul Flood Trace Map 2002-2022"}}, {"type": "Feature", "geometry": {"type": "Point", "coordinates": [126.93748254812785, 37.50467344736434]}, "properties": {"objectid": 37640, "fldn_area": 315, "fldn_grade": 3, "fldn_yr": 2022, "fldn_dst_nm": "2022년 8월 집중호우", "fldn_cs_dtl_nm": null, "reference_score": 17.927227, "reference_source": "MOIS Seoul Flood Trace Map 2002-2022"}}, {"type": "Feature", "geometry": {"type": "Point", "coordinates": [126.97922206457656, 37.48383896400737]}, "properties": {"objectid": 25040, "fldn_area": 5277, "fldn_grade": 2, "fldn_yr": 2022, "fldn_dst_nm": "2022년 8월 집중호우", "fldn_cs_dtl_nm": "배수용량초과", "reference_score": 17.802605, "reference_source": "MOIS Seoul Flood Trace Map 2002-2022"}}, {"type": "Feature", "geometry": {"type": "Point", "coordinates": [127.02140390497478, 37.49325081898999]}, "properties": {"objectid": 31167, "fldn_area": 5247, "fldn_grade": 2, "fldn_yr": 2022, "fldn_dst_nm": "2022년 8월 집중호우", "fldn_cs_dtl_nm": "침수", "reference_score": 17.791205, "reference_source": "MOIS Seoul Flood Trace Map 2002-2022"}}, {"type": "Feature", "geometry": {"type": "Point", "coordinates": [127.04466824227931, 37.47571218552176]}, "properties": {"objectid": 29428, "fldn_area": 5175, "fldn_grade": 2, "fldn_yr": 2022, "fldn_dst_nm": "2022년 8월 집중호우", "fldn_cs_dtl_nm": "침수", "reference_score": 17.763576, "reference_source": "MOIS Seoul Flood Trace Map 2002-2022"}}, {"type": "Feature", "geometry": {"type": "Point", "coordinates": [127.0140438196116, 37.50243546311675]}, "properties": {"objectid": 29683, "fldn_area": 5016, "fldn_grade": 2, "fldn_yr": 2022, "fldn_dst_nm": "2022년 8월 집중호우", "fldn_cs_dtl_nm": "침수", "reference_score": 17.701175, "reference_source": "MOIS Seoul Flood Trace Map 2002-2022"}}, {"type": "Feature", "geometry": {"type": "Point", "coordinates": [126.90229949910635, 37.49191036635163]}, "properties": {"objectid": 28068, "fldn_area": 4877, "fldn_grade": 2, "fldn_yr": 2022, "fldn_dst_nm": "8월", "fldn_cs_dtl_nm": "내수", "reference_score": 17.644981, "reference_source": "MOIS Seoul Flood Trace Map 2002-2022"}}, {"type": "Feature", "geometry": {"type": "Point", "coordinates": [126.88676703274736, 37.489714103587154]}, "properties": {"objectid": 35663, "fldn_area": 4772, "fldn_grade": 2, "fldn_yr": 2022, "fldn_dst_nm": null, "fldn_cs_dtl_nm": null, "reference_score": 17.601461, "reference_source": "MOIS Seoul Flood Trace Map 2002-2022"}}, {"type": "Feature", "geometry": {"type": "Point", "coordinates": [126.98524117951862, 37.49925301286858]}, "properties": {"objectid": 31608, "fldn_area": 4755, "fldn_grade": 2, "fldn_yr": 2022, "fldn_dst_nm": "2022년 8월 집중호우", "fldn_cs_dtl_nm": "침수", "reference_score": 17.594325, "reference_source": "MOIS Seoul Flood Trace Map 2002-2022"}}, {"type": "Feature", "geometry": {"type": "Point", "coordinates": [127.00945360251697, 37.492308563208425]}, "properties": {"objectid": 29660, "fldn_area": 4622, "fldn_grade": 2, "fldn_yr": 2022, "fldn_dst_nm": "2022년 8월 집중호우", "fldn_cs_dtl_nm": "침수", "reference_score": 17.537598, "reference_source": "MOIS Seoul Flood Trace Map 2002-2022"}}, {"type": "Feature", "geometry": {"type": "Point", "coordinates": [126.88600809869382, 37.501104810455885]}, "properties": {"objectid": 35815, "fldn_area": 269, "fldn_grade": 3, "fldn_yr": 2022, "fldn_dst_nm": null, "fldn_cs_dtl_nm": null, "reference_score": 17.455266, "reference_source": "MOIS Seoul Flood Trace Map 2002-2022"}}, {"type": "Feature", "geometry": {"type": "Point", "coordinates": [126.97917508927111, 37.48324462638189]}, "properties": {"objectid": 37033, "fldn_area": 4300, "fldn_grade": 2, "fldn_yr": 2022, "fldn_dst_nm": "2022년 8월 집중호우", "fldn_cs_dtl_nm": "배수용량초과", "reference_score": 17.393206, "reference_source": "MOIS Seoul Flood Trace Map 2002-2022"}}, {"type": "Feature", "geometry": {"type": "Point", "coordinates": [126.79929959750457, 37.58457149526197]}, "properties": {"objectid": 35001, "fldn_area": 255, "fldn_grade": 3, "fldn_yr": 2022, "fldn_dst_nm": "2022년 8월 집중호우", "fldn_cs_dtl_nm": "제외지 농경지", "reference_score": 17.295532, "reference_source": "MOIS Seoul Flood Trace Map 2002-2022"}}, {"type": "Feature", "geometry": {"type": "Point", "coordinates": [126.91347463299905, 37.485246575122694]}, "properties": {"objectid": 29544, "fldn_area": 3816, "fldn_grade": 2, "fldn_yr": 2022, "fldn_dst_nm": "2022년 8월 집중호우", "fldn_cs_dtl_nm": "배수용량초과", "reference_score": 17.15444, "reference_source": "MOIS Seoul Flood Trace Map 2002-2022"}}, {"type": "Feature", "geometry": {"type": "Point", "coordinates": [127.04206034039157, 37.47289558251982]}, "properties": {"objectid": 30113, "fldn_area": 3785, "fldn_grade": 2, "fldn_yr": 2022, "fldn_dst_nm": "2022년 8월 집중호우", "fldn_cs_dtl_nm": "침수", "reference_score": 17.138131, "reference_source": "MOIS Seoul Flood Trace Map 2002-2022"}}, {"type": "Feature", "geometry": {"type": "Point", "coordinates": [126.98121289284447, 37.489391896770464]}, "properties": {"objectid": 24996, "fldn_area": 3696, "fldn_grade": 2, "fldn_yr": 2022, "fldn_dst_nm": "2022년 8월 집중호우", "fldn_cs_dtl_nm": "배수용량 초과", "reference_score": 17.090554, "reference_source": "MOIS Seoul Flood Trace Map 2002-2022"}}, {"type": "Feature", "geometry": {"type": "Point", "coordinates": [126.97823314956659, 37.478301107024784]}, "properties": {"objectid": 26036, "fldn_area": 3659, "fldn_grade": 2, "fldn_yr": 2022, "fldn_dst_nm": "2022년 8월 집중호우", "fldn_cs_dtl_nm": "배수용량 초과", "reference_score": 17.070437, "reference_source": "MOIS Seoul Flood Trace Map 2002-2022"}}, {"type": "Feature", "geometry": {"type": "Point", "coordinates": [126.98250983660597, 37.490799896646465]}, "properties": {"objectid": 24705, "fldn_area": 3521, "fldn_grade": 2, "fldn_yr": 2022, "fldn_dst_nm": "2022년 8월 집중호우", "fldn_cs_dtl_nm": "배수용량 초과", "reference_score": 16.993569, "reference_source": "MOIS Seoul Flood Trace Map 2002-2022"}}, {"type": "Feature", "geometry": {"type": "Point", "coordinates": [126.93266202046429, 37.47158705617534]}, "properties": {"objectid": 37845, "fldn_area": 3500, "fldn_grade": 2, "fldn_yr": 2022, "fldn_dst_nm": "2022년 8월 집중호우", "fldn_cs_dtl_nm": "배수용량초과", "reference_score": 16.981608, "reference_source": "MOIS Seoul Flood Trace Map 2002-2022"}}, {"type": "Feature", "geometry": {"type": "Point", "coordinates": [126.91686038589971, 37.48719905570414]}, "properties": {"objectid": 36054, "fldn_area": 3156, "fldn_grade": 2, "fldn_yr": 2022, "fldn_dst_nm": "2022년 8월 집중호우", "fldn_cs_dtl_nm": "배수용량초과", "reference_score": 16.774755, "reference_source": "MOIS Seoul Flood Trace Map 2002-2022"}}, {"type": "Feature", "geometry": {"type": "Point", "coordinates": [126.91729685342743, 37.48620552634968]}, "properties": {"objectid": 37251, "fldn_area": 3038, "fldn_grade": 2, "fldn_yr": 2022, "fldn_dst_nm": "2022년 8월 집중호우", "fldn_cs_dtl_nm": "배수용량초과", "reference_score": 16.698568, "reference_source": "MOIS Seoul Flood Trace Map 2002-2022"}}, {"type": "Feature", "geometry": {"type": "Point", "coordinates": [127.00339086953629, 37.48246296217743]}, "properties": {"objectid": 29363, "fldn_area": 3020, "fldn_grade": 2, "fldn_yr": 2022, "fldn_dst_nm": "2022년 8월 집중호우", "fldn_cs_dtl_nm": "침수", "reference_score": 16.686686, "reference_source": "MOIS Seoul Flood Trace Map 2002-2022"}}, {"type": "Feature", "geometry": {"type": "Point", "coordinates": [126.9786059064565, 37.4915718009006]}, "properties": {"objectid": 24499, "fldn_area": 2906, "fldn_grade": 2, "fldn_yr": 2022, "fldn_dst_nm": "2022년 8월 집중호우", "fldn_cs_dtl_nm": "배수용량 초과", "reference_score": 16.609754, "reference_source": "MOIS Seoul Flood Trace Map 2002-2022"}}, {"type": "Feature", "geometry": {"type": "Point", "coordinates": [126.9476434412849, 37.50241874812308]}, "properties": {"objectid": 24471, "fldn_area": 2796, "fldn_grade": 2, "fldn_yr": 2022, "fldn_dst_nm": "2022년 8월 집중호우", "fldn_cs_dtl_nm": "배수용량 초과", "reference_score": 16.532605, "reference_source": "MOIS Seoul Flood Trace Map 2002-2022"}}, {"type": "Feature", "geometry": {"type": "Point", "coordinates": [127.01128662337938, 37.49214685734164]}, "properties": {"objectid": 30031, "fldn_area": 2731, "fldn_grade": 2, "fldn_yr": 2022, "fldn_dst_nm": "2022년 8월 집중호우", "fldn_cs_dtl_nm": "침수", "reference_score": 16.485578, "reference_source": "MOIS Seoul Flood Trace Map 2002-2022"}}, {"type": "Feature", "geometry": {"type": "Point", "coordinates": [127.02065727229686, 37.50529038674882]}, "properties": {"objectid": 31826, "fldn_area": 2713, "fldn_grade": 2, "fldn_yr": 2022, "fldn_dst_nm": "2022년 8월 집중호우", "fldn_cs_dtl_nm": "침수", "reference_score": 16.472358, "reference_source": "MOIS Seoul Flood Trace Map 2002-2022"}}, {"type": "Feature", "geometry": {"type": "Point", "coordinates": [126.9759967069623, 37.48338811010591]}, "properties": {"objectid": 24482, "fldn_area": 2625, "fldn_grade": 2, "fldn_yr": 2022, "fldn_dst_nm": "2022년 8월 집중호우", "fldn_cs_dtl_nm": "배수용량 초과", "reference_score": 16.406434, "reference_source": "MOIS Seoul Flood Trace Map 2002-2022"}}, {"type": "Feature", "geometry": {"type": "Point", "coordinates": [127.00979527800447, 37.489062794925765]}, "properties": {"objectid": 29719, "fldn_area": 2609, "fldn_grade": 2, "fldn_yr": 2022, "fldn_dst_nm": "2022년 8월 집중호우", "fldn_cs_dtl_nm": "침수", "reference_score": 16.394211, "reference_source": "MOIS Seoul Flood Trace Map 2002-2022"}}, {"type": "Feature", "geometry": {"type": "Point", "coordinates": [126.98615592633638, 37.477667973809176]}, "properties": {"objectid": 30104, "fldn_area": 2589, "fldn_grade": 2, "fldn_yr": 2022, "fldn_dst_nm": "2022년 8월 집중호우", "fldn_cs_dtl_nm": "침수", "reference_score": 16.378826, "reference_source": "MOIS Seoul Flood Trace Map 2002-2022"}}, {"type": "Feature", "geometry": {"type": "Point", "coordinates": [126.9329378954513, 37.47132449141061]}, "properties": {"objectid": 37200, "fldn_area": 2353, "fldn_grade": 2, "fldn_yr": 2022, "fldn_dst_nm": "2022년 8월 집중호우", "fldn_cs_dtl_nm": "배수용량초과", "reference_score": 16.187743, "reference_source": "MOIS Seoul Flood Trace Map 2002-2022"}}, {"type": "Feature", "geometry": {"type": "Point", "coordinates": [126.92138625419045, 37.499090408696006]}, "properties": {"objectid": 24963, "fldn_area": 2287, "fldn_grade": 2, "fldn_yr": 2022, "fldn_dst_nm": "2022년 8월 집중호우", "fldn_cs_dtl_nm": "배수용량초과", "reference_score": 16.130867, "reference_source": "MOIS Seoul Flood Trace Map 2002-2022"}}, {"type": "Feature", "geometry": {"type": "Point", "coordinates": [127.01838576388714, 37.51166680195766]}, "properties": {"objectid": 29488, "fldn_area": 2270, "fldn_grade": 2, "fldn_yr": 2022, "fldn_dst_nm": "2022년 8월 집중호우", "fldn_cs_dtl_nm": "침수", "reference_score": 16.115951, "reference_source": "MOIS Seoul Flood Trace Map 2002-2022"}}, {"type": "Feature", "geometry": {"type": "Point", "coordinates": [126.97844380062129, 37.47726505965409]}, "properties": {"objectid": 24345, "fldn_area": 2193, "fldn_grade": 2, "fldn_yr": 2022, "fldn_dst_nm": "2022년 8월 집중호우", "fldn_cs_dtl_nm": "배수용량 초과", "reference_score": 16.046963, "reference_source": "MOIS Seoul Flood Trace Map 2002-2022"}}, {"type": "Feature", "geometry": {"type": "Point", "coordinates": [126.90105188411026, 37.49041798651356]}, "properties": {"objectid": 29184, "fldn_area": 2172, "fldn_grade": 2, "fldn_yr": 2022, "fldn_dst_nm": "8월", "fldn_cs_dtl_nm": "내수", "reference_score": 16.027728, "reference_source": "MOIS Seoul Flood Trace Map 2002-2022"}}, {"type": "Feature", "geometry": {"type": "Point", "coordinates": [126.89785761690801, 37.529760690029555]}, "properties": {"objectid": 27663, "fldn_area": 2114, "fldn_grade": 2, "fldn_yr": 2022, "fldn_dst_nm": "8월", "fldn_cs_dtl_nm": "내수", "reference_score": 15.97362, "reference_source": "MOIS Seoul Flood Trace Map 2002-2022"}}, {"type": "Feature", "geometry": {"type": "Point", "coordinates": [126.93613282712688, 37.48527538783313]}, "properties": {"objectid": 36976, "fldn_area": 2095, "fldn_grade": 2, "fldn_yr": 2022, "fldn_dst_nm": "2022년 8월 집중호우", "fldn_cs_dtl_nm": "배수용량초과", "reference_score": 15.955572, "reference_source": "MOIS Seoul Flood Trace Map 2002-2022"}}, {"type": "Feature", "geometry": {"type": "Point", "coordinates": [126.98050570225784, 37.47723560964454]}, "properties": {"objectid": 24807, "fldn_area": 2075, "fldn_grade": 2, "fldn_yr": 2022, "fldn_dst_nm": "2022년 8월 집중호우", "fldn_cs_dtl_nm": "배수용량 초과", "reference_score": 15.936396, "reference_source": "MOIS Seoul Flood Trace Map 2002-2022"}}, {"type": "Feature", "geometry": {"type": "Point", "coordinates": [127.02043008959193, 37.503907593129114]}, "properties": {"objectid": 31249, "fldn_area": 2059, "fldn_grade": 2, "fldn_yr": 2022, "fldn_dst_nm": "2022년 8월 집중호우", "fldn_cs_dtl_nm": "침수", "reference_score": 15.920923, "reference_source": "MOIS Seoul Flood Trace Map 2002-2022"}}, {"type": "Feature", "geometry": {"type": "Point", "coordinates": [126.98248430497421, 37.492180660292725]}, "properties": {"objectid": 25007, "fldn_area": 1902, "fldn_grade": 2, "fldn_yr": 2022, "fldn_dst_nm": "2022년 8월 집중호우", "fldn_cs_dtl_nm": "배수용량 초과", "reference_score": 15.762374, "reference_source": "MOIS Seoul Flood Trace Map 2002-2022"}}, {"type": "Feature", "geometry": {"type": "Point", "coordinates": [126.88595202521552, 37.48988249712767]}, "properties": {"objectid": 35518, "fldn_area": 1849, "fldn_grade": 2, "fldn_yr": 2022, "fldn_dst_nm": null, "fldn_cs_dtl_nm": null, "reference_score": 15.705882, "reference_source": "MOIS Seoul Flood Trace Map 2002-2022"}}, {"type": "Feature", "geometry": {"type": "Point", "coordinates": [127.04641296674052, 37.4749565872443]}, "properties": {"objectid": 29845, "fldn_area": 1803, "fldn_grade": 2, "fldn_yr": 2022, "fldn_dst_nm": "2022년 8월 집중호우", "fldn_cs_dtl_nm": "침수", "reference_score": 15.655523, "reference_source": "MOIS Seoul Flood Trace Map 2002-2022"}}, {"type": "Feature", "geometry": {"type": "Point", "coordinates": [126.90562159013237, 37.496553550851196]}, "properties": {"objectid": 30365, "fldn_area": 1641, "fldn_grade": 2, "fldn_yr": 2022, "fldn_dst_nm": "8월", "fldn_cs_dtl_nm": "내수", "reference_score": 15.467341, "reference_source": "MOIS Seoul Flood Trace Map 2002-2022"}}, {"type": "Feature", "geometry": {"type": "Point", "coordinates": [126.90139374745858, 37.49302049911751]}, "properties": {"objectid": 27521, "fldn_area": 1461, "fldn_grade": 2, "fldn_yr": 2022, "fldn_dst_nm": "8월", "fldn_cs_dtl_nm": "내수", "reference_score": 15.235121, "reference_source": "MOIS Seoul Flood Trace Map 2002-2022"}}, {"type": "Feature", "geometry": {"type": "Point", "coordinates": [126.8603742881622, 37.52015295163595]}, "properties": {"objectid": 28508, "fldn_area": 1342, "fldn_grade": 2, "fldn_yr": 2022, "fldn_dst_nm": "2022년 8.8. ~ 17. 호우", "fldn_cs_dtl_nm": "기타", "reference_score": 15.065322, "reference_source": "MOIS Seoul Flood Trace Map 2002-2022"}}, {"type": "Feature", "geometry": {"type": "Point", "coordinates": [126.9023561211558, 37.492748108933064]}, "properties": {"objectid": 29183, "fldn_area": 1210, "fldn_grade": 2, "fldn_yr": 2022, "fldn_dst_nm": "8월", "fldn_cs_dtl_nm": "내수", "reference_score": 14.858403, "reference_source": "MOIS Seoul Flood Trace Map 2002-2022"}}, {"type": "Feature", "geometry": {"type": "Point", "coordinates": [126.90423686178882, 37.496671669500145]}, "properties": {"objectid": 28045, "fldn_area": 1078, "fldn_grade": 2, "fldn_yr": 2022, "fldn_dst_nm": "8월", "fldn_cs_dtl_nm": "내수", "reference_score": 14.62758, "reference_source": "MOIS Seoul Flood Trace Map 2002-2022"}}, {"type": "Feature", "geometry": {"type": "Point", "coordinates": [127.13505651174289, 37.55821189015599]}, "properties": {"objectid": 24517, "fldn_area": 957, "fldn_grade": 2, "fldn_yr": 2022, "fldn_dst_nm": "8.8~8.17 호우", "fldn_cs_dtl_nm": "집중호우", "reference_score": 14.389696, "reference_source": "MOIS Seoul Flood Trace Map 2002-2022"}}, {"type": "Feature", "geometry": {"type": "Point", "coordinates": [126.90472128430439, 37.490537310127664]}, "properties": {"objectid": 28079, "fldn_area": 915, "fldn_grade": 2, "fldn_yr": 2022, "fldn_dst_nm": "8월", "fldn_cs_dtl_nm": "내수", "reference_score": 14.300033, "reference_source": "MOIS Seoul Flood Trace Map 2002-2022"}}, {"type": "Feature", "geometry": {"type": "Point", "coordinates": [127.02480669228656, 37.50158117792593]}, "properties": {"objectid": 31890, "fldn_area": 903, "fldn_grade": 2, "fldn_yr": 2022, "fldn_dst_nm": "2022년 8월 집중호우", "fldn_cs_dtl_nm": "침수", "reference_score": 14.273659, "reference_source": "MOIS Seoul Flood Trace Map 2002-2022"}}, {"type": "Feature", "geometry": {"type": "Point", "coordinates": [127.02174770749309, 37.50455468966822]}, "properties": {"objectid": 31829, "fldn_area": 823, "fldn_grade": 2, "fldn_yr": 2022, "fldn_dst_nm": "2022년 8월 집중호우", "fldn_cs_dtl_nm": "침수", "reference_score": 14.088341, "reference_source": "MOIS Seoul Flood Trace Map 2002-2022"}}, {"type": "Feature", "geometry": {"type": "Point", "coordinates": [127.1345229022064, 37.52601107506474]}, "properties": {"objectid": 24684, "fldn_area": 795, "fldn_grade": 2, "fldn_yr": 2022, "fldn_dst_nm": "8.8~8.17 호우", "fldn_cs_dtl_nm": "집중호우", "reference_score": 14.019198, "reference_source": "MOIS Seoul Flood Trace Map 2002-2022"}}, {"type": "Feature", "geometry": {"type": "Point", "coordinates": [126.91703697083375, 37.48346983528489]}, "properties": {"objectid": 31213, "fldn_area": 788, "fldn_grade": 2, "fldn_yr": 2022, "fldn_dst_nm": "2022년 8월 집중호우", "fldn_cs_dtl_nm": "배수용량초과", "reference_score": 14.001533, "reference_source": "MOIS Seoul Flood Trace Map 2002-2022"}}, {"type": "Feature", "geometry": {"type": "Point", "coordinates": [127.1443231881149, 37.52310571873103]}, "properties": {"objectid": 24504, "fldn_area": 749, "fldn_grade": 2, "fldn_yr": 2022, "fldn_dst_nm": "8.8~8.17 호우", "fldn_cs_dtl_nm": "집중호우", "reference_score": 13.900146, "reference_source": "MOIS Seoul Flood Trace Map 2002-2022"}}, {"type": "Feature", "geometry": {"type": "Point", "coordinates": [126.87210568361564, 37.53745948827001]}, "properties": {"objectid": 35863, "fldn_area": 730, "fldn_grade": 2, "fldn_yr": 2022, "fldn_dst_nm": "2022년 8.8. ~ 17. 호우", "fldn_cs_dtl_nm": "기타", "reference_score": 13.848827, "reference_source": "MOIS Seoul Flood Trace Map 2002-2022"}}, {"type": "Feature", "geometry": {"type": "Point", "coordinates": [127.13788405611614, 37.52926690956012]}, "properties": {"objectid": 24507, "fldn_area": 727, "fldn_grade": 2, "fldn_yr": 2022, "fldn_dst_nm": "8.8~8.17 호우", "fldn_cs_dtl_nm": "집중호우", "reference_score": 13.840602, "reference_source": "MOIS Seoul Flood Trace Map 2002-2022"}}, {"type": "Feature", "geometry": {"type": "Point", "coordinates": [127.01408786799846, 37.48845258563899]}, "properties": {"objectid": 29910, "fldn_area": 695, "fldn_grade": 2, "fldn_yr": 2022, "fldn_dst_nm": "2022년 8월 집중호우", "fldn_cs_dtl_nm": "침수", "reference_score": 13.750699, "reference_source": "MOIS Seoul Flood Trace Map 2002-2022"}}, {"type": "Feature", "geometry": {"type": "Point", "coordinates": [127.01328011897704, 37.492962352427305]}, "properties": {"objectid": 29350, "fldn_area": 648, "fldn_grade": 2, "fldn_yr": 2022, "fldn_dst_nm": "2022년 8월 집중호우", "fldn_cs_dtl_nm": "침수", "reference_score": 13.610865, "reference_source": "MOIS Seoul Flood Trace Map 2002-2022"}}, {"type": "Feature", "geometry": {"type": "Point", "coordinates": [127.13528999589194, 37.550752529797386]}, "properties": {"objectid": 24521, "fldn_area": 604, "fldn_grade": 2, "fldn_yr": 2022, "fldn_dst_nm": "8.8~8.17 호우", "fldn_cs_dtl_nm": "집중호우", "reference_score": 13.470457, "reference_source": "MOIS Seoul Flood Trace Map 2002-2022"}}, {"type": "Feature", "geometry": {"type": "Point", "coordinates": [127.1406413455943, 37.53789354106079]}, "properties": {"objectid": 22003, "fldn_area": 601, "fldn_grade": 2, "fldn_yr": 2022, "fldn_dst_nm": "8.8~8.17 호우", "fldn_cs_dtl_nm": "집중호우", "reference_score": 13.460515, "reference_source": "MOIS Seoul Flood Trace Map 2002-2022"}}, {"type": "Feature", "geometry": {"type": "Point", "coordinates": [126.91498167006124, 37.483472275509364]}, "properties": {"objectid": 37235, "fldn_area": 572, "fldn_grade": 2, "fldn_yr": 2022, "fldn_dst_nm": "2022년 8월 집중호우", "fldn_cs_dtl_nm": "배수용량초과", "reference_score": 13.361771, "reference_source": "MOIS Seoul Flood Trace Map 2002-2022"}}, {"type": "Feature", "geometry": {"type": "Point", "coordinates": [126.98229373843913, 37.4950107467779]}, "properties": {"objectid": 24723, "fldn_area": 560, "fldn_grade": 2, "fldn_yr": 2022, "fldn_dst_nm": "2022년 8월 집중호우", "fldn_cs_dtl_nm": "배수용량초과", "reference_score": 13.319442, "reference_source": "MOIS Seoul Flood Trace Map 2002-2022"}}, {"type": "Feature", "geometry": {"type": "Point", "coordinates": [127.12864227026064, 37.54944817358726]}, "properties": {"objectid": 26825, "fldn_area": 511, "fldn_grade": 2, "fldn_yr": 2022, "fldn_dst_nm": "8.8~8.17 호우", "fldn_cs_dtl_nm": "집중호우", "reference_score": 13.136649, "reference_source": "MOIS Seoul Flood Trace Map 2002-2022"}}, {"type": "Feature", "geometry": {"type": "Point", "coordinates": [126.90564339057737, 37.495346787190165]}, "properties": {"objectid": 30301, "fldn_area": 479, "fldn_grade": 2, "fldn_yr": 2022, "fldn_dst_nm": "8월", "fldn_cs_dtl_nm": "내수", "reference_score": 13.007572, "reference_source": "MOIS Seoul Flood Trace Map 2002-2022"}}, {"type": "Feature", "geometry": {"type": "Point", "coordinates": [127.12876717490181, 37.545402029901254]}, "properties": {"objectid": 26829, "fldn_area": 464, "fldn_grade": 2, "fldn_yr": 2022, "fldn_dst_nm": "8.8~8.17 호우", "fldn_cs_dtl_nm": "집중호우", "reference_score": 12.944075, "reference_source": "MOIS Seoul Flood Trace Map 2002-2022"}}, {"type": "Feature", "geometry": {"type": "Point", "coordinates": [127.13721381645176, 37.53400529041608]}, "properties": {"objectid": 24681, "fldn_area": 397, "fldn_grade": 2, "fldn_yr": 2022, "fldn_dst_nm": "8.8~8.17 호우", "fldn_cs_dtl_nm": "집중호우", "reference_score": 12.632904, "reference_source": "MOIS Seoul Flood Trace Map 2002-2022"}}, {"type": "Feature", "geometry": {"type": "Point", "coordinates": [126.84317169397552, 37.51142944719213]}, "properties": {"objectid": 28506, "fldn_area": 395, "fldn_grade": 2, "fldn_yr": 2022, "fldn_dst_nm": "2022년 8.8. ~ 17. 호우", "fldn_cs_dtl_nm": "기타", "reference_score": 12.622828, "reference_source": "MOIS Seoul Flood Trace Map 2002-2022"}}, {"type": "Feature", "geometry": {"type": "Point", "coordinates": [127.12684764776371, 37.53567872450414]}, "properties": {"objectid": 2111, "fldn_area": 379, "fldn_grade": 2, "fldn_yr": 2022, "fldn_dst_nm": "8.8~8.17 호우", "fldn_cs_dtl_nm": "집중호우", "reference_score": 12.540343, "reference_source": "MOIS Seoul Flood Trace Map 2002-2022"}}, {"type": "Feature", "geometry": {"type": "Point", "coordinates": [126.9757559804705, 37.48028337436351]}, "properties": {"objectid": 26028, "fldn_area": 379, "fldn_grade": 2, "fldn_yr": 2022, "fldn_dst_nm": "2022년 8월 집중호우", "fldn_cs_dtl_nm": "배수용량초과", "reference_score": 12.540343, "reference_source": "MOIS Seoul Flood Trace Map 2002-2022"}}, {"type": "Feature", "geometry": {"type": "Point", "coordinates": [127.00539658543678, 36.77281450318173]}, "properties": {"objectid": 35586, "fldn_area": 113020, "fldn_grade": 1, "fldn_yr": 2022, "fldn_dst_nm": "2022년 8월 집중호우", "fldn_cs_dtl_nm": "하수역류로 인한 침수", "reference_score": 12.295329, "reference_source": "MOIS Seoul Flood Trace Map 2002-2022"}}, {"type": "Feature", "geometry": {"type": "Point", "coordinates": [127.00624813341597, 37.67661179958687]}, "properties": {"objectid": 36570, "fldn_area": 113020, "fldn_grade": 1, "fldn_yr": 2022, "fldn_dst_nm": "2022년 8월 집중호우", "fldn_cs_dtl_nm": "하수역류로 인한 침수", "reference_score": 12.295329, "reference_source": "MOIS Seoul Flood Trace Map 2002-2022"}}, {"type": "Feature", "geometry": {"type": "Point", "coordinates": [127.13698894164547, 37.55953443070476]}, "properties": {"objectid": 24515, "fldn_area": 334, "fldn_grade": 2, "fldn_yr": 2022, "fldn_dst_nm": "9월 태풍 힌남노", "fldn_cs_dtl_nm": "집중호우", "reference_score": 12.288261, "reference_source": "MOIS Seoul Flood Trace Map 2002-2022"}}, {"type": "Feature", "geometry": {"type": "Point", "coordinates": [127.12280379636634, 37.53922419735206]}, "properties": {"objectid": 26832, "fldn_area": 330, "fldn_grade": 2, "fldn_yr": 2022, "fldn_dst_nm": "8.8~8.17 호우", "fldn_cs_dtl_nm": "집중호우", "reference_score": 12.264237, "reference_source": "MOIS Seoul Flood Trace Map 2002-2022"}}, {"type": "Feature", "geometry": {"type": "Point", "coordinates": [127.1499879049868, 37.533956030214]}, "properties": {"objectid": 24510, "fldn_area": 317, "fldn_grade": 2, "fldn_yr": 2022, "fldn_dst_nm": "8.8~8.17 호우", "fldn_cs_dtl_nm": "집중호우", "reference_score": 12.184103, "reference_source": "MOIS Seoul Flood Trace Map 2002-2022"}}, {"type": "Feature", "geometry": {"type": "Point", "coordinates": [127.12596364892468, 37.546511987110414]}, "properties": {"objectid": 26819, "fldn_area": 313, "fldn_grade": 2, "fldn_yr": 2022, "fldn_dst_nm": "8.8~8.17 호우", "fldn_cs_dtl_nm": "집중호우", "reference_score": 12.158786, "reference_source": "MOIS Seoul Flood Trace Map 2002-2022"}}, {"type": "Feature", "geometry": {"type": "Point", "coordinates": [127.04633720407034, 37.47438468242059]}, "properties": {"objectid": 29846, "fldn_area": 296, "fldn_grade": 2, "fldn_yr": 2022, "fldn_dst_nm": "2022년 8월 집중호우", "fldn_cs_dtl_nm": "기타", "reference_score": 12.047464, "reference_source": "MOIS Seoul Flood Trace Map 2002-2022"}}, {"type": "Feature", "geometry": {"type": "Point", "coordinates": [127.14273475967849, 37.535606387046364]}, "properties": {"objectid": 22007, "fldn_area": 285, "fldn_grade": 2, "fldn_yr": 2022, "fldn_dst_nm": "8.8~8.17 호우", "fldn_cs_dtl_nm": "집중호우", "reference_score": 11.971984, "reference_source": "MOIS Seoul Flood Trace Map 2002-2022"}}, {"type": "Feature", "geometry": {"type": "Point", "coordinates": [126.93440210288851, 37.48536746515331]}, "properties": {"objectid": 36954, "fldn_area": 278, "fldn_grade": 2, "fldn_yr": 2022, "fldn_dst_nm": "2022년 8월 집중호우", "fldn_cs_dtl_nm": "배수용량초과", "reference_score": 11.922424, "reference_source": "MOIS Seoul Flood Trace Map 2002-2022"}}, {"type": "Feature", "geometry": {"type": "Point", "coordinates": [127.03056455803822, 37.48873657260849]}, "properties": {"objectid": 30221, "fldn_area": 276, "fldn_grade": 2, "fldn_yr": 2022, "fldn_dst_nm": "2022년 8월 집중호우", "fldn_cs_dtl_nm": "침수", "reference_score": 11.908035, "reference_source": "MOIS Seoul Flood Trace Map 2002-2022"}}, {"type": "Feature", "geometry": {"type": "Point", "coordinates": [126.87402179657822, 37.522185925727634]}, "properties": {"objectid": 28505, "fldn_area": 274, "fldn_grade": 2, "fldn_yr": 2022, "fldn_dst_nm": "2022년 8.8. ~ 17. 호우", "fldn_cs_dtl_nm": "기타", "reference_score": 11.893542, "reference_source": "MOIS Seoul Flood Trace Map 2002-2022"}}, {"type": "Feature", "geometry": {"type": "Point", "coordinates": [127.13296810471168, 37.533897596944435]}, "properties": {"objectid": 26753, "fldn_area": 268, "fldn_grade": 2, "fldn_yr": 2022, "fldn_dst_nm": "8.8~8.17 호우", "fldn_cs_dtl_nm": "집중호우", "reference_score": 11.849423, "reference_source": "MOIS Seoul Flood Trace Map 2002-2022"}}, {"type": "Feature", "geometry": {"type": "Point", "coordinates": [127.07407532490087, 37.62799175395951]}, "properties": {"objectid": 35730, "fldn_area": 267, "fldn_grade": 2, "fldn_yr": 2022, "fldn_dst_nm": "8월", "fldn_cs_dtl_nm": "하수도 역류", "reference_score": 11.841974, "reference_source": "MOIS Seoul Flood Trace Map 2002-2022"}}, {"type": "Feature", "geometry": {"type": "Point", "coordinates": [127.13153436542193, 37.525977789262534]}, "properties": {"objectid": 26750, "fldn_area": 265, "fldn_grade": 2, "fldn_yr": 2022, "fldn_dst_nm": "8.8~8.17 호우", "fldn_cs_dtl_nm": "집중호우", "reference_score": 11.826993, "reference_source": "MOIS Seoul Flood Trace Map 2002-2022"}}, {"type": "Feature", "geometry": {"type": "Point", "coordinates": [127.12082032163353, 37.52855045242858]}, "properties": {"objectid": 2113, "fldn_area": 262, "fldn_grade": 2, "fldn_yr": 2022, "fldn_dst_nm": "8.8~8.17 호우", "fldn_cs_dtl_nm": null, "reference_score": 11.804308, "reference_source": "MOIS Seoul Flood Trace Map 2002-2022"}}, {"type": "Feature", "geometry": {"type": "Point", "coordinates": [127.07877918441173, 37.67201688465203]}, "properties": {"objectid": 35804, "fldn_area": 262, "fldn_grade": 2, "fldn_yr": 2022, "fldn_dst_nm": "6월", "fldn_cs_dtl_nm": "공공하수도 역류", "reference_score": 11.804308, "reference_source": "MOIS Seoul Flood Trace Map 2002-2022"}}, {"type": "Feature", "geometry": {"type": "Point", "coordinates": [127.1269186192534, 37.550951836003556]}, "properties": {"objectid": 24514, "fldn_area": 257, "fldn_grade": 2, "fldn_yr": 2022, "fldn_dst_nm": "8.8~8.17 호우", "fldn_cs_dtl_nm": "집중호우", "reference_score": 11.765919, "reference_source": "MOIS Seoul Flood Trace Map 2002-2022"}}, {"type": "Feature", "geometry": {"type": "Point", "coordinates": [127.12825681977651, 37.53839081914173]}, "properties": {"objectid": 26821, "fldn_area": 256, "fldn_grade": 2, "fldn_yr": 2022, "fldn_dst_nm": "8.8~8.17 호우", "fldn_cs_dtl_nm": "집중호우", "reference_score": 11.758152, "reference_source": "MOIS Seoul Flood Trace Map 2002-2022"}}, {"type": "Feature", "geometry": {"type": "Point", "coordinates": [126.93240032151436, 37.51215707609193]}, "properties": {"objectid": 37274, "fldn_area": 255, "fldn_grade": 2, "fldn_yr": 2022, "fldn_dst_nm": "2022년 8월 집중호우", "fldn_cs_dtl_nm": "배수용량 초과", "reference_score": 11.750355, "reference_source": "MOIS Seoul Flood Trace Map 2002-2022"}}, {"type": "Feature", "geometry": {"type": "Point", "coordinates": [127.14486566407105, 37.52779497829675]}, "properties": {"objectid": 29286, "fldn_area": 255, "fldn_grade": 2, "fldn_yr": 2022, "fldn_dst_nm": "8.8~8.17 호우", "fldn_cs_dtl_nm": "집중호우", "reference_score": 11.750355, "reference_source": "MOIS Seoul Flood Trace Map 2002-2022"}}, {"type": "Feature", "geometry": {"type": "Point", "coordinates": [126.89576091961268, 37.49564288911396]}, "properties": {"objectid": 28612, "fldn_area": 246, "fldn_grade": 2, "fldn_yr": 2022, "fldn_dst_nm": "8월", "fldn_cs_dtl_nm": "내수", "reference_score": 11.678777, "reference_source": "MOIS Seoul Flood Trace Map 2002-2022"}}, {"type": "Feature", "geometry": {"type": "Point", "coordinates": [127.08393368346742, 37.645581945815366]}, "properties": {"objectid": 35500, "fldn_area": 245, "fldn_grade": 2, "fldn_yr": 2022, "fldn_dst_nm": "8월", "fldn_cs_dtl_nm": "하수도 역류", "reference_score": 11.670663, "reference_source": "MOIS Seoul Flood Trace Map 2002-2022"}}, {"type": "Feature", "geometry": {"type": "Point", "coordinates": [127.14152519681487, 37.53352014351676]}, "properties": {"objectid": 24509, "fldn_area": 238, "fldn_grade": 2, "fldn_yr": 2022, "fldn_dst_nm": "8.8~8.17 호우", "fldn_cs_dtl_nm": "집중호우", "reference_score": 11.612927, "reference_source": "MOIS Seoul Flood Trace Map 2002-2022"}}, {"type": "Feature", "geometry": {"type": "Point", "coordinates": [127.1329554724504, 37.537878276658525]}, "properties": {"objectid": 26830, "fldn_area": 238, "fldn_grade": 2, "fldn_yr": 2022, "fldn_dst_nm": "8.8~8.17 호우", "fldn_cs_dtl_nm": "집중호우", "reference_score": 11.612927, "reference_source": "MOIS Seoul Flood Trace Map 2002-2022"}}, {"type": "Feature", "geometry": {"type": "Point", "coordinates": [127.14593800248201, 37.53653466124601]}, "properties": {"objectid": 22002, "fldn_area": 234, "fldn_grade": 2, "fldn_yr": 2022, "fldn_dst_nm": "8.8~8.17 호우", "fldn_cs_dtl_nm": "집중호우", "reference_score": 11.579171, "reference_source": "MOIS Seoul Flood Trace Map 2002-2022"}}, {"type": "Feature", "geometry": {"type": "Point", "coordinates": [127.17280847296882, 37.54827541070073]}, "properties": {"objectid": 30024, "fldn_area": 230, "fldn_grade": 2, "fldn_yr": 2022, "fldn_dst_nm": "8.8~8.17 호우", "fldn_cs_dtl_nm": "집중호우", "reference_score": 11.544835, "reference_source": "MOIS Seoul Flood Trace Map 2002-2022"}}, {"type": "Feature", "geometry": {"type": "Point", "coordinates": [127.12381574616077, 37.5348995314308]}, "properties": {"objectid": 2133, "fldn_area": 229, "fldn_grade": 2, "fldn_yr": 2022, "fldn_dst_nm": "8.8~8.17 호우", "fldn_cs_dtl_nm": null, "reference_score": 11.536159, "reference_source": "MOIS Seoul Flood Trace Map 2002-2022"}}, {"type": "Feature", "geometry": {"type": "Point", "coordinates": [127.15309144512644, 37.560300650848525]}, "properties": {"objectid": 30012, "fldn_area": 229, "fldn_grade": 2, "fldn_yr": 2022, "fldn_dst_nm": "8.8~8.17 호우", "fldn_cs_dtl_nm": "집중호우", "reference_score": 11.536159, "reference_source": "MOIS Seoul Flood Trace Map 2002-2022"}}, {"type": "Feature", "geometry": {"type": "Point", "coordinates": [127.15434691712223, 37.560151812662376]}, "properties": {"objectid": 30014, "fldn_area": 227, "fldn_grade": 2, "fldn_yr": 2022, "fldn_dst_nm": "8.8~8.17 호우", "fldn_cs_dtl_nm": "집중호우", "reference_score": 11.518691, "reference_source": "MOIS Seoul Flood Trace Map 2002-2022"}}, {"type": "Feature", "geometry": {"type": "Point", "coordinates": [127.13828498935095, 37.552324718354285]}, "properties": {"objectid": 24519, "fldn_area": 226, "fldn_grade": 2, "fldn_yr": 2022, "fldn_dst_nm": "8.8~8.17 호우", "fldn_cs_dtl_nm": "집중호우", "reference_score": 11.5099, "reference_source": "MOIS Seoul Flood Trace Map 2002-2022"}}, {"type": "Feature", "geometry": {"type": "Point", "coordinates": [127.1543385248901, 37.54719974455505]}, "properties": {"objectid": 29784, "fldn_area": 224, "fldn_grade": 2, "fldn_yr": 2022, "fldn_dst_nm": "8.8~8.17 호우", "fldn_cs_dtl_nm": "집중호우", "reference_score": 11.492201, "reference_source": "MOIS Seoul Flood Trace Map 2002-2022"}}, {"type": "Feature", "geometry": {"type": "Point", "coordinates": [127.16859674258625, 37.54599047309008]}, "properties": {"objectid": 30027, "fldn_area": 218, "fldn_grade": 2, "fldn_yr": 2022, "fldn_dst_nm": "8.8~8.17 호우", "fldn_cs_dtl_nm": "집중호우", "reference_score": 11.438143, "reference_source": "MOIS Seoul Flood Trace Map 2002-2022"}}, {"type": "Feature", "geometry": {"type": "Point", "coordinates": [126.94843356079643, 37.501457819882106]}, "properties": {"objectid": 36586, "fldn_area": 216, "fldn_grade": 2, "fldn_yr": 2022, "fldn_dst_nm": "2022년 8월 집중호우", "fldn_cs_dtl_nm": "배수용량초과", "reference_score": 11.419795, "reference_source": "MOIS Seoul Flood Trace Map 2002-2022"}}, {"type": "Feature", "geometry": {"type": "Point", "coordinates": [126.89587701786138, 37.49537226297521]}, "properties": {"objectid": 28616, "fldn_area": 212, "fldn_grade": 2, "fldn_yr": 2022, "fldn_dst_nm": "8월", "fldn_cs_dtl_nm": "내수", "reference_score": 11.382584, "reference_source": "MOIS Seoul Flood Trace Map 2002-2022"}}, {"type": "Feature", "geometry": {"type": "Point", "coordinates": [127.00600075414854, 37.66784216624776]}, "properties": {"objectid": 35355, "fldn_area": 45287, "fldn_grade": 1, "fldn_yr": 2022, "fldn_dst_nm": "2022년 8월 집중호우", "fldn_cs_dtl_nm": "하수역류로 인한 침수", "reference_score": 11.380797, "reference_source": "MOIS Seoul Flood Trace Map 2002-2022"}}, {"type": "Feature", "geometry": {"type": "Point", "coordinates": [127.0051520730829, 36.76404345755422]}, "properties": {"objectid": 35593, "fldn_area": 45287, "fldn_grade": 1, "fldn_yr": 2022, "fldn_dst_nm": "2022년 8월 집중호우", "fldn_cs_dtl_nm": "하수역류로 인한 침수", "reference_score": 11.380797, "reference_source": "MOIS Seoul Flood Trace Map 2002-2022"}}, {"type": "Feature", "geometry": {"type": "Point", "coordinates": [127.12946544717245, 37.53113431941302]}, "properties": {"objectid": 24679, "fldn_area": 210, "fldn_grade": 2, "fldn_yr": 2022, "fldn_dst_nm": "8.8~8.17 호우", "fldn_cs_dtl_nm": "집중호우", "reference_score": 11.363716, "reference_source": "MOIS Seoul Flood Trace Map 2002-2022"}}, {"type": "Feature", "geometry": {"type": "Point", "coordinates": [126.91855912270084, 37.52739062269873]}, "properties": {"objectid": 27495, "fldn_area": 43906, "fldn_grade": 1, "fldn_yr": 2022, "fldn_dst_nm": "8월", "fldn_cs_dtl_nm": "내수", "reference_score": 11.349829, "reference_source": "MOIS Seoul Flood Trace Map 2002-2022"}}, {"type": "Feature", "geometry": {"type": "Point", "coordinates": [127.14736703997232, 37.53984998255387]}, "properties": {"objectid": 22018, "fldn_area": 208, "fldn_grade": 2, "fldn_yr": 2022, "fldn_dst_nm": "8.8~8.17 호우", "fldn_cs_dtl_nm": "집중호우", "reference_score": 11.344669, "reference_source": "MOIS Seoul Flood Trace Map 2002-2022"}}, {"type": "Feature", "geometry": {"type": "Point", "coordinates": [126.86283789755323, 37.5457653380763]}, "properties": {"objectid": 35861, "fldn_area": 207, "fldn_grade": 2, "fldn_yr": 2022, "fldn_dst_nm": "2022년 8.8. ~ 17. 호우", "fldn_cs_dtl_nm": "기타", "reference_score": 11.335076, "reference_source": "MOIS Seoul Flood Trace Map 2002-2022"}}, {"type": "Feature", "geometry": {"type": "Point", "coordinates": [127.13512566424508, 37.54264292770874]}, "properties": {"objectid": 26827, "fldn_area": 203, "fldn_grade": 2, "fldn_yr": 2022, "fldn_dst_nm": "8.8~8.17 호우", "fldn_cs_dtl_nm": "집중호우", "reference_score": 11.29624, "reference_source": "MOIS Seoul Flood Trace Map 2002-2022"}}, {"type": "Feature", "geometry": {"type": "Point", "coordinates": [127.06962247517528, 37.65942057132889]}, "properties": {"objectid": 35799, "fldn_area": 198, "fldn_grade": 2, "fldn_yr": 2022, "fldn_dst_nm": "8월", "fldn_cs_dtl_nm": "노면수 유입, 하수도 역류", "reference_score": 11.24661, "reference_source": "MOIS Seoul Flood Trace Map 2002-2022"}}, {"type": "Feature", "geometry": {"type": "Point", "coordinates": [127.13411866291975, 37.53035994551115]}, "properties": {"objectid": 24683, "fldn_area": 197, "fldn_grade": 2, "fldn_yr": 2022, "fldn_dst_nm": "8.8~8.17 호우", "fldn_cs_dtl_nm": "집중호우", "reference_score": 11.236534, "reference_source": "MOIS Seoul Flood Trace Map 2002-2022"}}, {"type": "Feature", "geometry": {"type": "Point", "coordinates": [127.16985389082726, 37.560321901418284]}, "properties": {"objectid": 29966, "fldn_area": 192, "fldn_grade": 2, "fldn_yr": 2022, "fldn_dst_nm": "8.8~8.17 호우", "fldn_cs_dtl_nm": "집중호우", "reference_score": 11.18538, "reference_source": "MOIS Seoul Flood Trace Map 2002-2022"}}, {"type": "Feature", "geometry": {"type": "Point", "coordinates": [127.16057435022442, 37.56223534113956]}, "properties": {"objectid": 30018, "fldn_area": 192, "fldn_grade": 2, "fldn_yr": 2022, "fldn_dst_nm": "8.8~8.17 호우", "fldn_cs_dtl_nm": "집중호우", "reference_score": 11.18538, "reference_source": "MOIS Seoul Flood Trace Map 2002-2022"}}, {"type": "Feature", "geometry": {"type": "Point", "coordinates": [126.94459657785717, 37.504501939099626]}, "properties": {"objectid": 36764, "fldn_area": 192, "fldn_grade": 2, "fldn_yr": 2022, "fldn_dst_nm": "2022년 8월 집중호우", "fldn_cs_dtl_nm": "배수용량초과", "reference_score": 11.18538, "reference_source": "MOIS Seoul Flood Trace Map 2002-2022"}}, {"type": "Feature", "geometry": {"type": "Point", "coordinates": [126.9329840690325, 37.519919659209314]}, "properties": {"objectid": 28035, "fldn_area": 36619, "fldn_grade": 1, "fldn_yr": 2022, "fldn_dst_nm": "8월", "fldn_cs_dtl_nm": "내수", "reference_score": 11.16835, "reference_source": "MOIS Seoul Flood Trace Map 2002-2022"}}, {"type": "Feature", "geometry": {"type": "Point", "coordinates": [127.17272292941264, 37.54992646606333]}, "properties": {"objectid": 30023, "fldn_area": 189, "fldn_grade": 2, "fldn_yr": 2022, "fldn_dst_nm": "8.8~8.17 호우", "fldn_cs_dtl_nm": "집중호우", "reference_score": 11.154048, "reference_source": "MOIS Seoul Flood Trace Map 2002-2022"}}, {"type": "Feature", "geometry": {"type": "Point", "coordinates": [127.12382733098302, 37.5444156427097]}, "properties": {"objectid": 26836, "fldn_area": 188, "fldn_grade": 2, "fldn_yr": 2022, "fldn_dst_nm": "8.8~8.17 호우", "fldn_cs_dtl_nm": null, "reference_score": 11.143494, "reference_source": "MOIS Seoul Flood Trace Map 2002-2022"}}, {"type": "Feature", "geometry": {"type": "Point", "coordinates": [127.17096185068328, 37.547458594118304]}, "properties": {"objectid": 30021, "fldn_area": 188, "fldn_grade": 2, "fldn_yr": 2022, "fldn_dst_nm": "8.8~8.17 호우", "fldn_cs_dtl_nm": "집중호우", "reference_score": 11.143494, "reference_source": "MOIS Seoul Flood Trace Map 2002-2022"}}, {"type": "Feature", "geometry": {"type": "Point", "coordinates": [127.14570374350262, 37.54308942886292]}, "properties": {"objectid": 22006, "fldn_area": 187, "fldn_grade": 2, "fldn_yr": 2022, "fldn_dst_nm": "8.8~8.17 호우", "fldn_cs_dtl_nm": "집중호우", "reference_score": 11.132884, "reference_source": "MOIS Seoul Flood Trace Map 2002-2022"}}, {"type": "Feature", "geometry": {"type": "Point", "coordinates": [127.12481591670122, 37.532688387577636]}, "properties": {"objectid": 24687, "fldn_area": 185, "fldn_grade": 2, "fldn_yr": 2022, "fldn_dst_nm": "8.8~8.17 호우", "fldn_cs_dtl_nm": "집중호우", "reference_score": 11.111493, "reference_source": "MOIS Seoul Flood Trace Map 2002-2022"}}, {"type": "Feature", "geometry": {"type": "Point", "coordinates": [127.16736809891145, 37.562087666286985]}, "properties": {"objectid": 30019, "fldn_area": 185, "fldn_grade": 2, "fldn_yr": 2022, "fldn_dst_nm": "8.8~8.17 호우", "fldn_cs_dtl_nm": "집중호우", "reference_score": 11.111493, "reference_source": "MOIS Seoul Flood Trace Map 2002-2022"}}, {"type": "Feature", "geometry": {"type": "Point", "coordinates": [127.14513002942932, 37.53110763673909]}, "properties": {"objectid": 24511, "fldn_area": 183, "fldn_grade": 2, "fldn_yr": 2022, "fldn_dst_nm": "8.8~8.17 호우", "fldn_cs_dtl_nm": "집중호우", "reference_score": 11.089872, "reference_source": "MOIS Seoul Flood Trace Map 2002-2022"}}, {"type": "Feature", "geometry": {"type": "Point", "coordinates": [126.87374356990145, 37.51260614286808]}, "properties": {"objectid": 35833, "fldn_area": 181, "fldn_grade": 2, "fldn_yr": 2022, "fldn_dst_nm": "2022년 8.8. ~ 17. 호우", "fldn_cs_dtl_nm": "기타", "reference_score": 11.068013, "reference_source": "MOIS Seoul Flood Trace Map 2002-2022"}}, {"type": "Feature", "geometry": {"type": "Point", "coordinates": [127.13145708786313, 37.535585564198826]}, "properties": {"objectid": 24685, "fldn_area": 180, "fldn_grade": 2, "fldn_yr": 2022, "fldn_dst_nm": "9월 태풍 힌남노", "fldn_cs_dtl_nm": "집중호우", "reference_score": 11.056994, "reference_source": "MOIS Seoul Flood Trace Map 2002-2022"}}, {"type": "Feature", "geometry": {"type": "Point", "coordinates": [127.17024672524416, 37.56158167940938]}, "properties": {"objectid": 30016, "fldn_area": 180, "fldn_grade": 2, "fldn_yr": 2022, "fldn_dst_nm": "8.8~8.17 호우", "fldn_cs_dtl_nm": "집중호우", "reference_score": 11.056994, "reference_source": "MOIS Seoul Flood Trace Map 2002-2022"}}, {"type": "Feature", "geometry": {"type": "Point", "coordinates": [127.13179490474084, 37.551921505569105]}, "properties": {"objectid": 24677, "fldn_area": 179, "fldn_grade": 2, "fldn_yr": 2022, "fldn_dst_nm": "8.8~8.17 호우", "fldn_cs_dtl_nm": "집중호우", "reference_score": 11.045914, "reference_source": "MOIS Seoul Flood Trace Map 2002-2022"}}, {"type": "Feature", "geometry": {"type": "Point", "coordinates": [127.14454907458753, 37.544934862058255]}, "properties": {"objectid": 29785, "fldn_area": 178, "fldn_grade": 2, "fldn_yr": 2022, "fldn_dst_nm": "8.8~8.17 호우", "fldn_cs_dtl_nm": "집중호우", "reference_score": 11.034772, "reference_source": "MOIS Seoul Flood Trace Map 2002-2022"}}, {"type": "Feature", "geometry": {"type": "Point", "coordinates": [127.03571171870038, 37.61522949307415]}, "properties": {"objectid": 35785, "fldn_area": 31446, "fldn_grade": 1, "fldn_yr": 2022, "fldn_dst_nm": "2022년 8월 집중호우", "fldn_cs_dtl_nm": "하수역류로 인한 침수", "reference_score": 11.016059, "reference_source": "MOIS Seoul Flood Trace Map 2002-2022"}}, {"type": "Feature", "geometry": {"type": "Point", "coordinates": [127.13314588011853, 37.55284037632256]}, "properties": {"objectid": 24516, "fldn_area": 174, "fldn_grade": 2, "fldn_yr": 2022, "fldn_dst_nm": "8.8~8.17 호우", "fldn_cs_dtl_nm": "집중호우", "reference_score": 10.989572, "reference_source": "MOIS Seoul Flood Trace Map 2002-2022"}}, {"type": "Feature", "geometry": {"type": "Point", "coordinates": [127.13108715005283, 37.524818903535]}, "properties": {"objectid": 24690, "fldn_area": 167, "fldn_grade": 2, "fldn_yr": 2022, "fldn_dst_nm": "8.8~8.17 호우", "fldn_cs_dtl_nm": "집중호우", "reference_score": 10.907928, "reference_source": "MOIS Seoul Flood Trace Map 2002-2022"}}, {"type": "Feature", "geometry": {"type": "Point", "coordinates": [126.92346632093538, 37.49809186989549]}, "properties": {"objectid": 37841, "fldn_area": 166, "fldn_grade": 2, "fldn_yr": 2022, "fldn_dst_nm": "2022년 8월 집중호우", "fldn_cs_dtl_nm": "배수용량초과", "reference_score": 10.895988, "reference_source": "MOIS Seoul Flood Trace Map 2002-2022"}}, {"type": "Feature", "geometry": {"type": "Point", "coordinates": [126.8825071788301, 37.47997006542777]}, "properties": {"objectid": 36866, "fldn_area": 27717, "fldn_grade": 1, "fldn_yr": 2022, "fldn_dst_nm": "2022년 8월 집중호우", "fldn_cs_dtl_nm": "배수용량초과", "reference_score": 10.889837, "reference_source": "MOIS Seoul Flood Trace Map 2002-2022"}}, {"type": "Feature", "geometry": {"type": "Point", "coordinates": [127.1313851000389, 37.53069897260476]}, "properties": {"objectid": 26749, "fldn_area": 164, "fldn_grade": 2, "fldn_yr": 2022, "fldn_dst_nm": "8.8~8.17 호우", "fldn_cs_dtl_nm": "집중호우", "reference_score": 10.871891, "reference_source": "MOIS Seoul Flood Trace Map 2002-2022"}}, {"type": "Feature", "geometry": {"type": "Point", "coordinates": [126.87344766247774, 37.52381934764724]}, "properties": {"objectid": 35862, "fldn_area": 164, "fldn_grade": 2, "fldn_yr": 2022, "fldn_dst_nm": "2022년 8.8. ~ 17. 호우", "fldn_cs_dtl_nm": "기타", "reference_score": 10.871891, "reference_source": "MOIS Seoul Flood Trace Map 2002-2022"}}, {"type": "Feature", "geometry": {"type": "Point", "coordinates": [127.14253220907422, 37.539009984245936]}, "properties": {"objectid": 22004, "fldn_area": 163, "fldn_grade": 2, "fldn_yr": 2022, "fldn_dst_nm": "8.8~8.17 호우", "fldn_cs_dtl_nm": "집중호우", "reference_score": 10.859733, "reference_source": "MOIS Seoul Flood Trace Map 2002-2022"}}, {"type": "Feature", "geometry": {"type": "Point", "coordinates": [126.93253455978584, 37.51040375107234]}, "properties": {"objectid": 25068, "fldn_area": 154, "fldn_grade": 2, "fldn_yr": 2022, "fldn_dst_nm": "2022년 8월 집중호우", "fldn_cs_dtl_nm": "배수용량 초과", "reference_score": 10.74685, "reference_source": "MOIS Seoul Flood Trace Map 2002-2022"}}, {"type": "Feature", "geometry": {"type": "Point", "coordinates": [127.12375874135503, 37.543469258548726]}, "properties": {"objectid": 26756, "fldn_area": 154, "fldn_grade": 2, "fldn_yr": 2022, "fldn_dst_nm": "8.8~8.17 호우", "fldn_cs_dtl_nm": "집중호우", "reference_score": 10.74685, "reference_source": "MOIS Seoul Flood Trace Map 2002-2022"}}, {"type": "Feature", "geometry": {"type": "Point", "coordinates": [126.89560193514126, 37.46900830443196]}, "properties": {"objectid": 35459, "fldn_area": 22688, "fldn_grade": 1, "fldn_yr": 2022, "fldn_dst_nm": "2022년 8월 집중호우", "fldn_cs_dtl_nm": "배수용량초과", "reference_score": 10.689636, "reference_source": "MOIS Seoul Flood Trace Map 2002-2022"}}, {"type": "Feature", "geometry": {"type": "Point", "coordinates": [126.87704805461007, 37.479747669542334]}, "properties": {"objectid": 36871, "fldn_area": 21975, "fldn_grade": 1, "fldn_yr": 2022, "fldn_dst_nm": "2022년 8월 집중호우", "fldn_cs_dtl_nm": "배수용량초과", "reference_score": 10.657706, "reference_source": "MOIS Seoul Flood Trace Map 2002-2022"}}, {"type": "Feature", "geometry": {"type": "Point", "coordinates": [127.13392557522756, 37.54905453562732]}, "properties": {"objectid": 24513, "fldn_area": 146, "fldn_grade": 2, "fldn_yr": 2022, "fldn_dst_nm": "8.8~8.17 호우", "fldn_cs_dtl_nm": "집중호우", "reference_score": 10.640865, "reference_source": "MOIS Seoul Flood Trace Map 2002-2022"}}, {"type": "Feature", "geometry": {"type": "Point", "coordinates": [127.13217850157271, 37.54140880700395]}, "properties": {"objectid": 26834, "fldn_area": 144, "fldn_grade": 2, "fldn_yr": 2022, "fldn_dst_nm": "8.8~8.17 호우", "fldn_cs_dtl_nm": "집중호우", "reference_score": 10.613467, "reference_source": "MOIS Seoul Flood Trace Map 2002-2022"}}, {"type": "Feature", "geometry": {"type": "Point", "coordinates": [126.87886252760539, 37.47839592444226]}, "properties": {"objectid": 35970, "fldn_area": 20539, "fldn_grade": 1, "fldn_yr": 2022, "fldn_dst_nm": "2022년 8월 집중호우", "fldn_cs_dtl_nm": "배수용량초과", "reference_score": 10.590129, "reference_source": "MOIS Seoul Flood Trace Map 2002-2022"}}, {"type": "Feature", "geometry": {"type": "Point", "coordinates": [126.89542959855652, 37.49451626990818]}, "properties": {"objectid": 28911, "fldn_area": 140, "fldn_grade": 2, "fldn_yr": 2022, "fldn_dst_nm": "8월", "fldn_cs_dtl_nm": "내수", "reference_score": 10.55752, "reference_source": "MOIS Seoul Flood Trace Map 2002-2022"}}, {"type": "Feature", "geometry": {"type": "Point", "coordinates": [127.05128156215314, 37.67412692618931]}, "properties": {"objectid": 35494, "fldn_area": 139, "fldn_grade": 2, "fldn_yr": 2022, "fldn_dst_nm": "8월", "fldn_cs_dtl_nm": "하수도 역류", "reference_score": 10.543285, "reference_source": "MOIS Seoul Flood Trace Map 2002-2022"}}, {"type": "Feature", "geometry": {"type": "Point", "coordinates": [126.98419290495767, 37.47087126869949]}, "properties": {"objectid": 31825, "fldn_area": 136, "fldn_grade": 2, "fldn_yr": 2022, "fldn_dst_nm": "2022년 8월 집중호우", "fldn_cs_dtl_nm": "침수", "reference_score": 10.499962, "reference_source": "MOIS Seoul Flood Trace Map 2002-2022"}}, {"type": "Feature", "geometry": {"type": "Point", "coordinates": [127.06245770169, 37.65921579727844]}, "properties": {"objectid": 35491, "fldn_area": 135, "fldn_grade": 2, "fldn_yr": 2022, "fldn_dst_nm": "8월", "fldn_cs_dtl_nm": "하수도 역류", "reference_score": 10.48531, "reference_source": "MOIS Seoul Flood Trace Map 2002-2022"}}, {"type": "Feature", "geometry": {"type": "Point", "coordinates": [126.9025684507571, 37.4560899957935]}, "properties": {"objectid": 36865, "fldn_area": 18391, "fldn_grade": 1, "fldn_yr": 2022, "fldn_dst_nm": "2022년 8월 집중호우", "fldn_cs_dtl_nm": "배수용량초과", "reference_score": 10.479671, "reference_source": "MOIS Seoul Flood Trace Map 2002-2022"}}, {"type": "Feature", "geometry": {"type": "Point", "coordinates": [126.87098828916861, 37.517531204986895]}, "properties": {"objectid": 35835, "fldn_area": 133, "fldn_grade": 2, "fldn_yr": 2022, "fldn_dst_nm": "2022년 8.8. ~ 17. 호우", "fldn_cs_dtl_nm": "기타", "reference_score": 10.45568, "reference_source": "MOIS Seoul Flood Trace Map 2002-2022"}}, {"type": "Feature", "geometry": {"type": "Point", "coordinates": [127.13189931572681, 37.54862932339402]}, "properties": {"objectid": 24520, "fldn_area": 130, "fldn_grade": 2, "fldn_yr": 2022, "fldn_dst_nm": "8.8~8.17 호우", "fldn_cs_dtl_nm": "집중호우", "reference_score": 10.410395, "reference_source": "MOIS Seoul Flood Trace Map 2002-2022"}}, {"type": "Feature", "geometry": {"type": "Point", "coordinates": [126.88057475883826, 37.481005018232175]}, "properties": {"objectid": 36721, "fldn_area": 16864, "fldn_grade": 1, "fldn_yr": 2022, "fldn_dst_nm": "2022년 8월 집중호우", "fldn_cs_dtl_nm": "배수용량초과", "reference_score": 10.392996, "reference_source": "MOIS Seoul Flood Trace Map 2002-2022"}}, {"type": "Feature", "geometry": {"type": "Point", "coordinates": [126.89458041222724, 37.518270858913056]}, "properties": {"objectid": 27602, "fldn_area": 16411, "fldn_grade": 1, "fldn_yr": 2022, "fldn_dst_nm": "8월", "fldn_cs_dtl_nm": "내수", "reference_score": 10.365768, "reference_source": "MOIS Seoul Flood Trace Map 2002-2022"}}, {"type": "Feature", "geometry": {"type": "Point", "coordinates": [127.12776846417472, 37.53269003146755]}, "properties": {"objectid": 2132, "fldn_area": 127, "fldn_grade": 2, "fldn_yr": 2022, "fldn_dst_nm": "8.8~8.17 호우", "fldn_cs_dtl_nm": "집중호우", "reference_score": 10.364061, "reference_source": "MOIS Seoul Flood Trace Map 2002-2022"}}, {"type": "Feature", "geometry": {"type": "Point", "coordinates": [126.88229162126954, 37.47712240765867]}, "properties": {"objectid": 35975, "fldn_area": 16365, "fldn_grade": 1, "fldn_yr": 2022, "fldn_dst_nm": "2022년 8월 집중호우", "fldn_cs_dtl_nm": "배수용량초과", "reference_score": 10.362961, "reference_source": "MOIS Seoul Flood Trace Map 2002-2022"}}, {"type": "Feature", "geometry": {"type": "Point", "coordinates": [127.12031531288623, 37.54105515529873]}, "properties": {"objectid": 26833, "fldn_area": 125, "fldn_grade": 2, "fldn_yr": 2022, "fldn_dst_nm": "8.8~8.17 호우", "fldn_cs_dtl_nm": "집중호우", "reference_score": 10.332564, "reference_source": "MOIS Seoul Flood Trace Map 2002-2022"}}, {"type": "Feature", "geometry": {"type": "Point", "coordinates": [127.0897740594709, 37.68410328117346]}, "properties": {"objectid": 35812, "fldn_area": 124, "fldn_grade": 2, "fldn_yr": 2022, "fldn_dst_nm": "6월", "fldn_cs_dtl_nm": "노면수 유입, 공공하수관 역류", "reference_score": 10.316627, "reference_source": "MOIS Seoul Flood Trace Map 2002-2022"}}, {"type": "Feature", "geometry": {"type": "Point", "coordinates": [127.06727214373308, 37.657840314475266]}, "properties": {"objectid": 35492, "fldn_area": 120, "fldn_grade": 2, "fldn_yr": 2022, "fldn_dst_nm": "8월", "fldn_cs_dtl_nm": "하수도 역류", "reference_score": 10.251581, "reference_source": "MOIS Seoul Flood Trace Map 2002-2022"}}, {"type": "Feature", "geometry": {"type": "Point", "coordinates": [127.1228176838206, 37.53546225825234]}, "properties": {"objectid": 2112, "fldn_area": 119, "fldn_grade": 2, "fldn_yr": 2022, "fldn_dst_nm": "8.8~8.17 호우", "fldn_cs_dtl_nm": "집중호우", "reference_score": 10.234983, "reference_source": "MOIS Seoul Flood Trace Map 2002-2022"}}, {"type": "Feature", "geometry": {"type": "Point", "coordinates": [127.1371074582937, 37.54328578878305]}, "properties": {"objectid": 26831, "fldn_area": 119, "fldn_grade": 2, "fldn_yr": 2022, "fldn_dst_nm": "8.8~8.17 호우", "fldn_cs_dtl_nm": "집중호우", "reference_score": 10.234983, "reference_source": "MOIS Seoul Flood Trace Map 2002-2022"}}, {"type": "Feature", "geometry": {"type": "Point", "coordinates": [127.07148654588954, 37.62408938377582]}, "properties": {"objectid": 35734, "fldn_area": 116, "fldn_grade": 2, "fldn_yr": 2022, "fldn_dst_nm": "8월", "fldn_cs_dtl_nm": "하수도 역류", "reference_score": 10.184348, "reference_source": "MOIS Seoul Flood Trace Map 2002-2022"}}, {"type": "Feature", "geometry": {"type": "Point", "coordinates": [126.90732223043793, 37.51413929086622]}, "properties": {"objectid": 29255, "fldn_area": 13121, "fldn_grade": 1, "fldn_yr": 2022, "fldn_dst_nm": "8월", "fldn_cs_dtl_nm": "내수", "reference_score": 10.142045, "reference_source": "MOIS Seoul Flood Trace Map 2002-2022"}}, {"type": "Feature", "geometry": {"type": "Point", "coordinates": [126.91984253625859, 37.50169424102156]}, "properties": {"objectid": 27864, "fldn_area": 12847, "fldn_grade": 1, "fldn_yr": 2022, "fldn_dst_nm": "8월", "fldn_cs_dtl_nm": "내수", "reference_score": 10.120943, "reference_source": "MOIS Seoul Flood Trace Map 2002-2022"}}, {"type": "Feature", "geometry": {"type": "Point", "coordinates": [126.89944697723513, 37.52066395330713]}, "properties": {"objectid": 28018, "fldn_area": 12434, "fldn_grade": 1, "fldn_yr": 2022, "fldn_dst_nm": "8월", "fldn_cs_dtl_nm": "내수", "reference_score": 10.08827, "reference_source": "MOIS Seoul Flood Trace Map 2002-2022"}}, {"type": "Feature", "geometry": {"type": "Point", "coordinates": [127.05190046521327, 37.506972672643904]}, "properties": {"objectid": 26739, "fldn_area": 11847, "fldn_grade": 1, "fldn_yr": 2022, "fldn_dst_nm": "2022년 8월 집중호우", "fldn_cs_dtl_nm": "배수용량초과", "reference_score": 10.039914, "reference_source": "MOIS Seoul Flood Trace Map 2002-2022"}}, {"type": "Feature", "geometry": {"type": "Point", "coordinates": [126.92030885971418, 37.51389347786573]}, "properties": {"objectid": 27715, "fldn_area": 11452, "fldn_grade": 1, "fldn_yr": 2022, "fldn_dst_nm": "8월", "fldn_cs_dtl_nm": "내수", "reference_score": 10.006007, "reference_source": "MOIS Seoul Flood Trace Map 2002-2022"}}, {"type": "Feature", "geometry": {"type": "Point", "coordinates": [127.1405387519946, 37.5298990605518]}, "properties": {"objectid": 24508, "fldn_area": 105, "fldn_grade": 2, "fldn_yr": 2022, "fldn_dst_nm": "8.8~8.17 호우", "fldn_cs_dtl_nm": "집중호우", "reference_score": 9.986878, "reference_source": "MOIS Seoul Flood Trace Map 2002-2022"}}, {"type": "Feature", "geometry": {"type": "Point", "coordinates": [126.88674497279686, 37.522355026018445]}, "properties": {"objectid": 27571, "fldn_area": 10888, "fldn_grade": 1, "fldn_yr": 2022, "fldn_dst_nm": "8월", "fldn_cs_dtl_nm": "내수", "reference_score": 9.955508, "reference_source": "MOIS Seoul Flood Trace Map 2002-2022"}}, {"type": "Feature", "geometry": {"type": "Point", "coordinates": [126.88399312525783, 37.52350618245268]}, "properties": {"objectid": 28086, "fldn_area": 9866, "fldn_grade": 1, "fldn_yr": 2022, "fldn_dst_nm": "8월", "fldn_cs_dtl_nm": "내수", "reference_score": 9.856951, "reference_source": "MOIS Seoul Flood Trace Map 2002-2022"}}, {"type": "Feature", "geometry": {"type": "Point", "coordinates": [127.12905029718412, 37.542788689821]}, "properties": {"objectid": 26820, "fldn_area": 98, "fldn_grade": 2, "fldn_yr": 2022, "fldn_dst_nm": "8.8~8.17 호우", "fldn_cs_dtl_nm": "집중호우", "reference_score": 9.85024, "reference_source": "MOIS Seoul Flood Trace Map 2002-2022"}}, {"type": "Feature", "geometry": {"type": "Point", "coordinates": [126.8969555671393, 37.52076682734358]}, "properties": {"objectid": 28058, "fldn_area": 9756, "fldn_grade": 1, "fldn_yr": 2022, "fldn_dst_nm": "8월", "fldn_cs_dtl_nm": "내수", "reference_score": 9.84574, "reference_source": "MOIS Seoul Flood Trace Map 2002-2022"}}, {"type": "Feature", "geometry": {"type": "Point", "coordinates": [126.88902894296021, 37.5155309839543]}, "properties": {"objectid": 27572, "fldn_area": 9740, "fldn_grade": 1, "fldn_yr": 2022, "fldn_dst_nm": "8월", "fldn_cs_dtl_nm": "내수", "reference_score": 9.844099, "reference_source": "MOIS Seoul Flood Trace Map 2002-2022"}}, {"type": "Feature", "geometry": {"type": "Point", "coordinates": [126.90555411675807, 37.52066070405796]}, "properties": {"objectid": 27634, "fldn_area": 9736, "fldn_grade": 1, "fldn_yr": 2022, "fldn_dst_nm": "8월", "fldn_cs_dtl_nm": "내수", "reference_score": 9.843688, "reference_source": "MOIS Seoul Flood Trace Map 2002-2022"}}, {"type": "Feature", "geometry": {"type": "Point", "coordinates": [126.88534651468908, 37.47771301305442]}, "properties": {"objectid": 36875, "fldn_area": 9611, "fldn_grade": 1, "fldn_yr": 2022, "fldn_dst_nm": "2022년 8월 집중호우", "fldn_cs_dtl_nm": "배수용량초과", "reference_score": 9.830768, "reference_source": "MOIS Seoul Flood Trace Map 2002-2022"}}, {"type": "Feature", "geometry": {"type": "Point", "coordinates": [126.90261703388633, 37.52078920025795]}, "properties": {"objectid": 29173, "fldn_area": 9491, "fldn_grade": 1, "fldn_yr": 2022, "fldn_dst_nm": "8월", "fldn_cs_dtl_nm": "내수", "reference_score": 9.818205, "reference_source": "MOIS Seoul Flood Trace Map 2002-2022"}}, {"type": "Feature", "geometry": {"type": "Point", "coordinates": [126.95746473804938, 37.478711181846535]}, "properties": {"objectid": 37364, "fldn_area": 9457, "fldn_grade": 1, "fldn_yr": 2022, "fldn_dst_nm": "2022년 8월 집중호우", "fldn_cs_dtl_nm": "배수용량초과", "reference_score": 9.814616, "reference_source": "MOIS Seoul Flood Trace Map 2002-2022"}}, {"type": "Feature", "geometry": {"type": "Point", "coordinates": [126.91311666732166, 37.48013055858048]}, "properties": {"objectid": 37808, "fldn_area": 9069, "fldn_grade": 1, "fldn_yr": 2022, "fldn_dst_nm": "2022년 8월 집중호우", "fldn_cs_dtl_nm": "배수용량초과", "reference_score": 9.772728, "reference_source": "MOIS Seoul Flood Trace Map 2002-2022"}}, {"type": "Feature", "geometry": {"type": "Point", "coordinates": [126.91106841162349, 37.51918504670226]}, "properties": {"objectid": 29224, "fldn_area": 9007, "fldn_grade": 1, "fldn_yr": 2022, "fldn_dst_nm": "8월", "fldn_cs_dtl_nm": "내수", "reference_score": 9.765868, "reference_source": "MOIS Seoul Flood Trace Map 2002-2022"}}, {"type": "Feature", "geometry": {"type": "Point", "coordinates": [126.87642389163675, 37.522266536526764]}, "properties": {"objectid": 1757, "fldn_area": 93, "fldn_grade": 2, "fldn_yr": 2022, "fldn_dst_nm": "2022년 8.8. ~ 17. 호우", "fldn_cs_dtl_nm": "기타", "reference_score": 9.74659, "reference_source": "MOIS Seoul Flood Trace Map 2002-2022"}}, {"type": "Feature", "geometry": {"type": "Point", "coordinates": [126.88580770891745, 37.476690477081725]}, "properties": {"objectid": 36877, "fldn_area": 8690, "fldn_grade": 1, "fldn_yr": 2022, "fldn_dst_nm": "2022년 8월 집중호우", "fldn_cs_dtl_nm": "배수용량초과", "reference_score": 9.730043, "reference_source": "MOIS Seoul Flood Trace Map 2002-2022"}}, {"type": "Feature", "geometry": {"type": "Point", "coordinates": [126.9373490225214, 37.627158114962]}, "properties": {"objectid": 35372, "fldn_area": 8501, "fldn_grade": 1, "fldn_yr": 2022, "fldn_dst_nm": "8.8~8.89 집중호우", "fldn_cs_dtl_nm": "내수침수", "reference_score": 9.708057, "reference_source": "MOIS Seoul Flood Trace Map 2002-2022"}}, {"type": "Feature", "geometry": {"type": "Point", "coordinates": [126.9171628011912, 37.49732214623947]}, "properties": {"objectid": 27850, "fldn_area": 8475, "fldn_grade": 1, "fldn_yr": 2022, "fldn_dst_nm": "8월", "fldn_cs_dtl_nm": "내수", "reference_score": 9.704994, "reference_source": "MOIS Seoul Flood Trace Map 2002-2022"}}, {"type": "Feature", "geometry": {"type": "Point", "coordinates": [126.86358116535821, 37.52555929045556]}, "properties": {"objectid": 35834, "fldn_area": 90, "fldn_grade": 2, "fldn_yr": 2022, "fldn_dst_nm": "2022년 8.8. ~ 17. 호우", "fldn_cs_dtl_nm": "기타", "reference_score": 9.681719, "reference_source": "MOIS Seoul Flood Trace Map 2002-2022"}}, {"type": "Feature", "geometry": {"type": "Point", "coordinates": [127.066003917203, 37.658694404997455]}, "properties": {"objectid": 35959, "fldn_area": 90, "fldn_grade": 2, "fldn_yr": 2022, "fldn_dst_nm": "8월", "fldn_cs_dtl_nm": "하수도 역류", "reference_score": 9.681719, "reference_source": "MOIS Seoul Flood Trace Map 2002-2022"}}, {"type": "Feature", "geometry": {"type": "Point", "coordinates": [126.87904322840394, 37.48443468563689]}, "properties": {"objectid": 36773, "fldn_area": 8252, "fldn_grade": 1, "fldn_yr": 2022, "fldn_dst_nm": "2022년 8월 집중호우", "fldn_cs_dtl_nm": "배수용량초과", "reference_score": 9.678332, "reference_source": "MOIS Seoul Flood Trace Map 2002-2022"}}, {"type": "Feature", "geometry": {"type": "Point", "coordinates": [126.91797757861197, 37.63496380993024]}, "properties": {"objectid": 35426, "fldn_area": 8152, "fldn_grade": 1, "fldn_yr": 2022, "fldn_dst_nm": "8.8~8.18 집중호우", "fldn_cs_dtl_nm": "내수침수", "reference_score": 9.666141, "reference_source": "MOIS Seoul Flood Trace Map 2002-2022"}}, {"type": "Feature", "geometry": {"type": "Point", "coordinates": [126.88620609523976, 37.4682793086511]}, "properties": {"objectid": 35971, "fldn_area": 7962, "fldn_grade": 1, "fldn_yr": 2022, "fldn_dst_nm": "2022년 8월 집중호우", "fldn_cs_dtl_nm": "배수용량초과", "reference_score": 9.642561, "reference_source": "MOIS Seoul Flood Trace Map 2002-2022"}}, {"type": "Feature", "geometry": {"type": "Point", "coordinates": [126.88487876325338, 37.48170231003294]}, "properties": {"objectid": 37655, "fldn_area": 7926, "fldn_grade": 1, "fldn_yr": 2022, "fldn_dst_nm": "2022년 8월 집중호우", "fldn_cs_dtl_nm": "배수용량초과", "reference_score": 9.63803, "reference_source": "MOIS Seoul Flood Trace Map 2002-2022"}}, {"type": "Feature", "geometry": {"type": "Point", "coordinates": [127.07522705764042, 37.62718996827919]}, "properties": {"objectid": 35733, "fldn_area": 88, "fldn_grade": 2, "fldn_yr": 2022, "fldn_dst_nm": "8월", "fldn_cs_dtl_nm": "하수도 역류", "reference_score": 9.637273, "reference_source": "MOIS Seoul Flood Trace Map 2002-2022"}}, {"type": "Feature", "geometry": {"type": "Point", "coordinates": [126.90366873689975, 37.48736128218437]}, "properties": {"objectid": 26450, "fldn_area": 7645, "fldn_grade": 1, "fldn_yr": 2022, "fldn_dst_nm": "8월", "fldn_cs_dtl_nm": "내수", "reference_score": 9.601938, "reference_source": "MOIS Seoul Flood Trace Map 2002-2022"}}, {"type": "Feature", "geometry": {"type": "Point", "coordinates": [127.05247344784935, 37.67549853384955]}, "properties": {"objectid": 35807, "fldn_area": 85, "fldn_grade": 2, "fldn_yr": 2022, "fldn_dst_nm": "8월", "fldn_cs_dtl_nm": "하수도 역류", "reference_score": 9.568695, "reference_source": "MOIS Seoul Flood Trace Map 2002-2022"}}, {"type": "Feature", "geometry": {"type": "Point", "coordinates": [127.05096783527381, 37.50631902703974]}, "properties": {"objectid": 26745, "fldn_area": 7381, "fldn_grade": 1, "fldn_yr": 2022, "fldn_dst_nm": "2022년 8월 집중호우", "fldn_cs_dtl_nm": "배수용량초과", "reference_score": 9.5668, "reference_source": "MOIS Seoul Flood Trace Map 2002-2022"}}, {"type": "Feature", "geometry": {"type": "Point", "coordinates": [126.9138136358102, 37.513107629970534]}, "properties": {"objectid": 26240, "fldn_area": 7229, "fldn_grade": 1, "fldn_yr": 2022, "fldn_dst_nm": "8월", "fldn_cs_dtl_nm": "내수", "reference_score": 9.545994, "reference_source": "MOIS Seoul Flood Trace Map 2002-2022"}}, {"type": "Feature", "geometry": {"type": "Point", "coordinates": [126.89430719606689, 37.521617352766526]}, "properties": {"objectid": 27556, "fldn_area": 7139, "fldn_grade": 1, "fldn_yr": 2022, "fldn_dst_nm": "8월", "fldn_cs_dtl_nm": "내수", "reference_score": 9.533468, "reference_source": "MOIS Seoul Flood Trace Map 2002-2022"}}, {"type": "Feature", "geometry": {"type": "Point", "coordinates": [127.07322098753501, 37.61857712614935]}, "properties": {"objectid": 35731, "fldn_area": 83, "fldn_grade": 2, "fldn_yr": 2022, "fldn_dst_nm": "6월", "fldn_cs_dtl_nm": "공공하수도 역류", "reference_score": 9.521634, "reference_source": "MOIS Seoul Flood Trace Map 2002-2022"}}, {"type": "Feature", "geometry": {"type": "Point", "coordinates": [127.07040949002003, 37.66485576746264]}, "properties": {"objectid": 1756, "fldn_area": 82, "fldn_grade": 2, "fldn_yr": 2022, "fldn_dst_nm": "8월", "fldn_cs_dtl_nm": "호우로 인한 노면수 유입", "reference_score": 9.497681, "reference_source": "MOIS Seoul Flood Trace Map 2002-2022"}}, {"type": "Feature", "geometry": {"type": "Point", "coordinates": [127.08605962454473, 37.641459914067894]}, "properties": {"objectid": 35498, "fldn_area": 82, "fldn_grade": 2, "fldn_yr": 2022, "fldn_dst_nm": "8월", "fldn_cs_dtl_nm": "호우로 인한 노면수 유입", "reference_score": 9.497681, "reference_source": "MOIS Seoul Flood Trace Map 2002-2022"}}, {"type": "Feature", "geometry": {"type": "Point", "coordinates": [127.06989211735173, 37.65499912873592]}, "properties": {"objectid": 35794, "fldn_area": 82, "fldn_grade": 2, "fldn_yr": 2022, "fldn_dst_nm": "8월", "fldn_cs_dtl_nm": "하수도 역류", "reference_score": 9.497681, "reference_source": "MOIS Seoul Flood Trace Map 2002-2022"}}, {"type": "Feature", "geometry": {"type": "Point", "coordinates": [127.07070203781794, 37.66213043445753]}, "properties": {"objectid": 35808, "fldn_area": 82, "fldn_grade": 2, "fldn_yr": 2022, "fldn_dst_nm": "8월", "fldn_cs_dtl_nm": "호우로 인한 노면수 유입", "reference_score": 9.497681, "reference_source": "MOIS Seoul Flood Trace Map 2002-2022"}}, {"type": "Feature", "geometry": {"type": "Point", "coordinates": [127.05860266202339, 37.67577870318998]}, "properties": {"objectid": 35800, "fldn_area": 82, "fldn_grade": 2, "fldn_yr": 2022, "fldn_dst_nm": "8월", "fldn_cs_dtl_nm": "하수도 역류", "reference_score": 9.497681, "reference_source": "MOIS Seoul Flood Trace Map 2002-2022"}}, {"type": "Feature", "geometry": {"type": "Point", "coordinates": [127.07817165901213, 37.67232963903788]}, "properties": {"objectid": 35957, "fldn_area": 82, "fldn_grade": 2, "fldn_yr": 2022, "fldn_dst_nm": "8월", "fldn_cs_dtl_nm": "하수도 역류", "reference_score": 9.497681, "reference_source": "MOIS Seoul Flood Trace Map 2002-2022"}}, {"type": "Feature", "geometry": {"type": "Point", "coordinates": [127.06945495599192, 37.666174853036885]}, "properties": {"objectid": 1755, "fldn_area": 80, "fldn_grade": 2, "fldn_yr": 2022, "fldn_dst_nm": "8월", "fldn_cs_dtl_nm": "호우로 인한 노면수 유입", "reference_score": 9.448898, "reference_source": "MOIS Seoul Flood Trace Map 2002-2022"}}, {"type": "Feature", "geometry": {"type": "Point", "coordinates": [127.08394820688932, 37.68306214884021]}, "properties": {"objectid": 35798, "fldn_area": 80, "fldn_grade": 2, "fldn_yr": 2022, "fldn_dst_nm": "8월", "fldn_cs_dtl_nm": "하천 수위 상승으로 인한 침수", "reference_score": 9.448898, "reference_source": "MOIS Seoul Flood Trace Map 2002-2022"}}, {"type": "Feature", "geometry": {"type": "Point", "coordinates": [126.88770550839999, 37.47732094528322]}, "properties": {"objectid": 36870, "fldn_area": 6447, "fldn_grade": 1, "fldn_yr": 2022, "fldn_dst_nm": "2022년 8월 집중호우", "fldn_cs_dtl_nm": "배수용량초과", "reference_score": 9.431525, "reference_source": "MOIS Seoul Flood Trace Map 2002-2022"}}, {"type": "Feature", "geometry": {"type": "Point", "coordinates": [126.88544821483366, 37.47337623518283]}, "properties": {"objectid": 36720, "fldn_area": 6378, "fldn_grade": 1, "fldn_yr": 2022, "fldn_dst_nm": "2022년 8월 집중호우", "fldn_cs_dtl_nm": "배수용량초과", "reference_score": 9.420767, "reference_source": "MOIS Seoul Flood Trace Map 2002-2022"}}, {"type": "Feature", "geometry": {"type": "Point", "coordinates": [127.05638043793921, 37.67712362774124]}, "properties": {"objectid": 35735, "fldn_area": 78, "fldn_grade": 2, "fldn_yr": 2022, "fldn_dst_nm": "8월", "fldn_cs_dtl_nm": "하수도 역류", "reference_score": 9.398896, "reference_source": "MOIS Seoul Flood Trace Map 2002-2022"}}, {"type": "Feature", "geometry": {"type": "Point", "coordinates": [126.92185599833714, 37.507236372339975]}, "properties": {"objectid": 27632, "fldn_area": 6135, "fldn_grade": 1, "fldn_yr": 2022, "fldn_dst_nm": "8월", "fldn_cs_dtl_nm": "내수", "reference_score": 9.381928, "reference_source": "MOIS Seoul Flood Trace Map 2002-2022"}}, {"type": "Feature", "geometry": {"type": "Point", "coordinates": [126.89140807778853, 37.51414643218208]}, "properties": {"objectid": 27603, "fldn_area": 6130, "fldn_grade": 1, "fldn_yr": 2022, "fldn_dst_nm": "8월", "fldn_cs_dtl_nm": "내수", "reference_score": 9.381113, "reference_source": "MOIS Seoul Flood Trace Map 2002-2022"}}]}